CellLine,Response,RELA,IRF3,DDX41,FADD,IKBKG,DDX19A,TRAF3,IKBKB,POLR3C,TRIM25,POLR3E,TYK2,CXCL8,IFNGR2,STING1,CGAS,TBK1,STAT1,NFKB1,IFNAR1,MAP3K7,IKBKE,TRIM4,JAK1,RIPK1,ZBP1,TRAM1,TLR3,TICAM1,IFNGR1,IFI16,JAK2,TRAF6,RIGI,POLR3F,POLR3A,AIM2,DHX58,CHUK,TLR7,IFIH1,TLR9,IRF7,IFNAR2,TLR4,TLR8,IFNB1,MAVS,STAT2,PRKDC
MDST8,Responder,0.9999999999999991,0.7446408588059148,0.7031223131693043,0.7692074555417416,0.827424010994767,0.7135856023715133,0.8775766925559898,0.712464868642356,0.6267652045968566,0.8395105432036343,0.2327677834114672,0.45314749858120207,0.9984342727906165,0.7931939349740542,0.49846552039328945,0.7194953513571436,0.4290316022352667,0.6823302576203358,0.5307963811743024,0.6878655618338803,0.07604160489946432,1.0,0.6954322750615243,0.4274408651212456,0.5791418754635727,0.0,0.3639499905493362,0.33171722967546224,1.0,0.24093660160997632,0.8653760290629013,0.6826013270697491,0.6043138032536022,0.40079547614605704,0.8032280079749983,1.0,0.0821720470786858,0.6197791678247532,0.43576770081926774,0.0,0.3483902380067986,0.0,0.6744232092166002,0.7497592451213122,0.12096672920147232,0.0,0.0,1.0,0.6905953217861938,0.6392188296138448
THP1,Responder,0.5027404051578603,0.9270522885815078,0.9755985219486751,0.5237016787627826,0.6280391761169706,0.6945629387900873,0.865414875067017,1.0,0.7957879778980499,0.9537452113399998,0.9773027610908454,0.8115903704375693,0.5727400104030872,0.652861348037582,1.0,0.9829464243877494,0.6307649688029189,0.7068880398565687,0.535081265352364,0.5570170671473824,0.8600260350326359,0.9355324024848812,0.7413212947541046,0.443131553822977,0.21100743272223976,0.0,0.5830398000232742,0.0,0.771793490061619,0.7805576882391383,0.7021206549037067,1.0,0.5072275868540961,0.3263842983881179,0.3694261898579012,0.20415540905664287,0.07552441120243267,0.7452108783008955,0.26653129102386286,0.10990416713075056,0.6985050437115855,0.5880017188869187,0.7087840273474242,0.8393514398628747,0.6737572806093267,1.0,0.1642537280998102,0.3542109654980421,0.8321658262846316,1.0
MDAMB468,Responder,0.8910947213498126,0.9531324284591625,0.9057240090147891,0.6651846270587625,0.9586002719140732,0.619929381818459,0.394439574525399,0.6139967130307769,0.9769645536460576,0.7604450476797524,0.6156018100295801,1.0,0.7128890882926823,0.5275279974763927,0.8494769531256522,0.4255018233684633,0.5351824092282444,0.9376452193758842,0.4685176098236892,0.8381611277528127,0.7513046293479331,0.8973176205936699,0.8885808496605339,0.6873694075196846,0.7921833846716733,0.02639877105713382,0.6621218352724711,0.7051457357620138,0.8981145377402301,0.9999999999999998,0.508213189373958,0.7454022902191242,0.8138991820422907,0.6969249785196149,0.7503101270069172,0.5402843001564359,0.06178752306838272,0.8156562903481317,0.602134517228436,0.3034156491039327,0.9156956966925538,0.04790048244172893,0.9171257752178031,0.736867127045779,0.04055062426159374,0.0,0.26721344709368233,0.75937019754079,0.600795040168165,0.565944768228225
A549,Responder,0.5171542841304584,0.5691804143403498,0.48252254786516247,0.47403330015063605,0.5336999182079998,0.704877628518275,0.7364918573796633,0.4790992408534671,0.5961598949382441,0.545865471681807,0.6003085017722629,0.054180560773453124,0.5261897540027294,0.4172888991933492,0.18080779036602834,0.8022383065119796,0.973715923757795,0.9602289240249873,0.5207662309479484,0.6332751399974175,0.402225445607709,0.6686400177415317,0.64864438296996,1.0,0.49569704244430346,0.0,1.0,0.14336103622394536,0.6319678418651613,0.6496518099625084,0.3630095124199043,0.6717724390973467,0.49360793763219935,0.5200181689933225,0.91282434106343,0.5179439559611176,0.008400855064711414,0.18108606702769509,0.7746034774987223,0.0,0.2947314628739283,0.0,0.29918060302678795,0.6681827857363172,0.0,0.0,0.0,0.5448924997569313,0.09075682367677596,0.8023823829382222
OVISE,Responder,0.5793208799978675,1.0,0.730997020907517,0.5704996124966109,0.40651740171495687,0.6893027987121343,0.6433450588028355,0.6447334374918858,0.42379205227617245,0.9099097564210417,0.5907329229296119,0.5994662307265948,0.11810005493505839,0.3663652441759191,0.4386125402793701,0.304914836553273,0.3933242626771767,0.9456669503710675,0.19128941376736464,0.6215914626359402,0.4202492936875992,0.5340738596441399,0.26710893988787077,0.6174939013513172,0.5992132370870116,0.17457546319038417,0.8249029107228472,0.9487405635059869,0.8238355797490073,0.5757271635051839,0.06818623390692714,0.42312685447687953,0.42747642515528206,0.7569311392336358,0.4074821236156234,0.36964902042433634,0.039988030512969924,0.6503153475239568,0.29955915183836623,0.010411498391486371,0.7718780792731263,0.33126055302830487,0.6165502611451054,0.16230375738693836,0.00851904714573847,0.0,0.11086827401830768,0.7339204741220122,0.8569947277076375,0.5689377416491794
A375,Responder,0.6300903857215676,0.5978841574627838,0.6368042482287386,0.5795484717789126,0.6762976664895262,0.9762045609759555,0.5657299903696997,0.46980353573061606,0.8580014678393288,0.8784677692042488,0.9840397441874131,0.6634789466873467,0.7414908852740852,0.7152492245136148,0.7833566251818331,0.009471180025639049,0.8787059355524871,0.5776234428726739,0.86196779851144,0.5780660922127003,0.5725635980037942,0.724755693560597,0.69103702945408,0.3824612945920447,0.5841463805089613,0.050930714938784205,0.5888686048135696,0.686869832951593,0.8420708373574594,0.40610209239787953,0.906620936298796,0.6230474603724978,0.3722288386901851,0.1585306283736347,0.9040650640947159,0.7167169559953948,0.909826029750196,0.7466646972097263,0.8220208592114449,0.0,0.3751384234727752,0.07401345167262086,0.5815534935384317,0.4254963465691861,1.0,0.0,0.0,0.7493288484247618,0.5251111692516699,0.8428093577430591
NUGC3,Responder,0.667580372955074,0.47447421495626063,0.49903694467585424,0.6324194266028378,0.47732213456982775,0.5127248918979745,0.5862107644300103,0.4916680711740584,0.3989023708483068,0.6492626107966042,0.5753923095484463,0.31510701536112595,0.937139038133669,0.8146909654007439,0.6455996908104673,0.9829464243877494,0.7958530846582716,0.8038080306850588,0.6794049535881959,0.3531165694437082,0.667219940891957,0.936406189066376,0.4285315162081147,0.4681271460498211,0.43529236166262475,0.19545057048640835,0.7099940484811746,0.398801649534466,0.7353067645395253,0.9956660402014468,0.7927810977065751,0.7568554811788262,0.48947416864073867,0.7332617971944918,0.9831899520692309,0.26743434987584314,0.39373747375429596,0.6669822196640545,0.5725661289767188,0.04955868327181957,0.8306207903076134,0.010063136527621697,0.8696741019333655,0.3133025997674055,0.405468027393534,0.0,0.1642537280998102,0.3616678187848281,0.3067795702258884,0.6369487265919833
HS294T,Responder,0.6958664523981408,0.823364496213081,0.6105597601613084,0.5699517631751074,0.828565334544757,0.8370179055687217,0.617988967755728,0.5682136957424424,0.5587592041690148,0.6723086109455862,0.5865317943033954,0.6550503348271199,0.8912109725324678,1.0,0.7701990742669131,0.673262460000296,0.871864370372192,0.7680416911598293,0.9301258998964963,0.8784595816639693,0.4821852513151863,0.7962862473430543,1.0000000000000002,0.44145412022049557,0.8903256076160746,0.11535933912186624,0.5745192810193473,0.7472278130116097,0.9449521550827277,0.5267533893658138,0.9818393504241739,0.5947097346367518,0.33970202803621863,0.5925052099824396,0.4922277814108633,0.477964182811875,0.7661769944656094,0.8252260392177164,0.6272654615817457,0.3740681145273092,0.7251334994805215,0.09046846484601619,0.8199621457846759,0.845507858397128,0.5579735052336947,0.0,0.0,0.5399296710060968,0.9957267797309663,0.4698309308145676
SKUT1,Responder,0.8527364825740724,0.7842607938133668,1.0,0.6123385322077721,0.40024026403052737,0.8681381195434206,0.9873800672914572,0.597241144764634,0.6709224510340355,0.9648243781775334,0.8198352866740279,0.7143218150279882,0.7167912956415058,0.6706141946644806,0.4276851796964996,0.8522824261852402,0.8169646162996829,0.7368588914534671,0.7276616876391708,0.5661993079117003,0.6236073460298903,0.7641836994582036,0.6873294191084718,0.814695595884634,0.7195757816883224,0.0,0.5472338764161475,0.5493342810304052,0.9282646487367056,0.5819538647233029,0.8485264808001294,0.7961732709108869,0.5856366388493346,0.692624377820006,0.8331187632201531,0.7669294495452093,0.07552441120243267,0.7372599234576639,0.7458496303988524,0.010411498391486371,0.9042336213609542,0.03878289549901517,0.7803815522704959,0.5980934588227744,0.00851904714573847,0.0,0.1642537280998102,0.6463112870936016,0.715663340747557,0.0
NCIH2170,Responder,0.40236580277658174,0.7834263496546496,0.5533710202549527,0.4332781781762518,0.9072208806553044,0.8217990342663319,0.4495303893108691,0.5950583229995767,0.6841252884962001,0.7699388239618172,0.9472767504440354,0.2807623915532327,0.9108150078378247,0.41194649704849695,0.5789265491197894,0.7891034751364293,0.5624618839529845,0.7347902681867209,0.6070576980391227,0.34043947310581935,0.48709959587205853,0.6609799776729606,0.6560905459847695,0.3473527063917028,0.6248309132017269,0.13430655172906236,0.4712824961144868,0.7688421893330074,0.7086231133736991,0.5378266035289994,0.4473381065219926,0.5913640540624618,0.44254318687378813,0.2730259397955026,0.8792897059993852,0.4130917962217806,0.0,0.4780805957711683,0.7043765314557251,0.0,0.6912188975743535,0.01987416378449278,0.7306202789826756,0.016544733857189353,0.016824668710147796,0.17454807592494453,0.5046794752889142,0.7526132829562231,0.0,0.8074923058458809
TE11,Responder,0.7459584565803716,0.7047987108348055,0.6650878532883961,0.9999999999999998,0.8338411375937569,0.4728274205128331,0.7021619062559905,0.461923284314965,0.4204466613158986,0.6242914041767658,0.6633389393913331,0.24789062027208253,0.8612069919623321,0.5652855740437137,0.7076271100458078,0.8938762544865552,0.4217096545397845,0.712306419672059,0.5278083194043806,0.3874900978831435,0.19352707714296669,0.841272970661755,0.17196947683572694,0.392535429490803,0.510710805736923,0.0,0.48872567707589054,0.7898062675424796,0.9405397958642164,0.4759922027745003,0.8874866862180819,0.48833841300149766,0.4137722627913871,0.6263140075296187,0.36052308600612903,0.23227976210912438,0.0,0.5337604561278274,0.43858317263058666,0.0,0.6580791696876424,0.0,0.9070634215421117,0.3596875565512665,0.0,0.0,0.26721344709368233,0.2820434450263454,0.636642519774425,0.5113319297438625
SUIT2,Responder,0.8530769442312325,0.6809854614364976,0.7040832854949945,0.6305624702556021,0.7325484102900592,0.7751857237504649,0.7717642743443123,0.7212425563865601,0.19601185409894484,0.9764725646595385,0.5757231306602311,0.28562042542365695,0.5531571857464802,0.5511339852582529,0.8522904624414865,0.8233051292096639,0.798886949516028,0.6246321444702356,0.8371180807465599,0.6201462665388688,0.4057944164547944,0.5136421851670487,0.6367274969855392,0.716107800356514,0.6005144981835571,0.0,0.7907985081846398,0.9868006787799243,0.8694513111041483,0.816619247281331,0.7629360458720607,0.6996455782673485,0.43258421328974395,0.41012252837451957,0.338667000507038,0.4915055981291325,0.0546865991840936,0.7940178073360259,0.7917506780589072,0.0,0.4986690957831576,0.02944400030914273,0.7065919328410709,0.7975998546627387,0.7887827499921037,0.0,0.0,0.4059108691975819,0.4909746105472652,0.846371825021353
HCC15,Responder,0.8494900396824656,0.7605384813823832,0.81471017065238,0.5421703454426618,0.8452374989378759,0.9020217191168491,0.7242307861000747,0.5069089885338824,0.5176080884370022,0.7043245539481839,0.9785345111154093,0.2901714312042931,0.8488231591183134,0.6459631500793388,0.882120715391854,0.9986087459940942,1.0,0.8123408761087341,0.28995906516909065,0.9122761541616815,0.7013330778683309,0.6307192965256676,0.8058509693191926,0.5493428466823969,0.8105632184785336,0.32090654436356464,0.744710167101855,0.3690923047512296,0.7344204123298299,0.9323608837106769,0.908737245401853,0.6895633168400244,0.5347602042595703,0.6276717664621113,0.6293803900607391,0.7221015458027069,0.039988030512969924,0.5946401521676454,0.9556946754339468,0.0,0.8783021174833834,0.03878289549901517,0.7749049506418022,0.6492367953062179,0.024926107889346787,0.0,0.1642537280998102,0.34104663274141434,0.8310921263303537,0.9872620348460339
A2058,Responder,0.6084627266673532,0.43772487640663904,0.771849084735603,0.614261031515025,0.6968335446449125,0.8591557892242632,0.7787904110650912,0.6290077444976108,0.5333632059496214,0.7090000980845268,0.8563669132348579,0.3389937896174504,0.9480063051179997,0.8813729517985807,0.7490958968605521,0.8880934030962224,0.7596683188767948,0.6183712606652769,1.0,0.7394861340808516,0.5787974420730477,0.8737872581214408,0.9443730894157805,0.25344602736803434,0.9558983033117494,0.042946401855348884,0.7072246595658416,0.7383023282424105,0.8846658003071397,0.4651004092500337,0.9999999999999999,0.6539254453274652,0.4180560599078529,0.46441639058360074,0.7945726798684434,0.5703138788577462,0.07552441120243267,0.7197190244379843,0.7163960949645527,0.010411498391486371,0.6375118700245792,0.010063136527621697,0.5738504168263101,0.7733356390179815,0.8600627680156657,0.0,0.0,0.6673448407033562,0.4576761357804715,0.9874318994182154
TE5,Responder,0.7601577036274421,0.7918416102876797,0.504645626548716,0.43251155926567253,0.38364129410156655,0.5750280201294582,0.10734655250320868,0.5733086867556789,0.28680368807830625,0.7710411363312772,0.7400327386813359,0.5577854776671267,0.792803323101604,0.14372823432608017,0.7889801841325876,0.8612667309332144,0.5132927388434543,0.7957859470941531,0.40443035700645114,0.0,0.5004510788195518,0.7311780548817997,0.737716226630541,0.2045706236936411,0.44504138457094333,0.02639877105713382,0.6835102071950803,0.9979322831096444,0.7854758089460223,0.7288947739289651,0.9649843076393104,0.4979320641912202,0.4027886740097135,0.7716946335943173,0.26212876525342876,0.05722205449019091,0.1134090906743683,0.8698653496471632,0.1726904751055165,0.02056216008859877,0.8680720584560394,0.04790048244172893,0.05271085918102336,0.22670605646791087,0.32090214401562456,0.0,0.3168920168813446,0.35215662265726255,1.0,0.0
PANC1,Responder,0.971678761291157,0.6459422184340715,0.7788051518599772,0.6247588853749979,1.0,0.6062645287621868,1.0,0.2712745122922673,0.7125067297477012,0.8417036461516649,0.7266502301739033,0.39390351923517697,0.43289916114642296,0.5983553068871164,0.6441276293172589,1.0,0.9064001337997389,0.8299386776167654,0.6489005438425979,0.5805931274775844,0.7134502319302305,0.5108344985575592,0.6609652665064323,0.7930153257831987,1.0,0.06635865185910411,0.5535454444682912,0.1962808548645314,0.8620127508393887,0.5867850978690028,0.14400271052511873,0.42007805461246106,0.5149414620732025,0.8164535349014961,0.7686344667073151,0.6616093577254807,0.0,0.7152120649951653,0.831001552974231,0.0,0.7651949789305903,0.0,0.853435605851678,0.5008195431253251,0.10892398463444143,0.0,0.26721344709368233,0.5344505618028377,0.18744262538801637,0.9045947175647218
SKHEP1,Responder,0.6969189059951768,0.39241182458316803,0.6882934952039985,0.48438100155761776,0.6528077402746537,0.6477041960903791,0.7188129658052311,0.7906143918271482,0.4707017878289359,0.8966642898461994,0.3355979885821814,0.20229049034805469,0.8243017267939045,0.6322787582987668,0.5109524064337129,0.7467512071377866,0.738516011177051,0.6455273341360648,0.5674821310019187,0.4597205061169545,0.28863140648284435,0.634436591377517,0.6725929118411462,0.5790172123600201,0.7432336052116306,0.0,0.5085565990368606,0.2787517781969537,0.889068478528307,0.3576058025059041,0.8350219441894756,0.6458693068456427,0.44254318687378813,0.493148976639175,0.6371800621462982,0.3853250183231798,0.039988030512969924,0.9382337294986535,0.46352736037715614,0.0,0.7114831200610687,0.0,0.5919681048776906,0.5773425840402693,0.00851904714573847,0.0,0.3168920168813446,0.42036028819059723,0.49393143981278653,0.6547650149215549
HARA,Responder,0.5633579577425456,0.6330772887289164,0.8188964550033679,0.6256382200222299,0.6442553432365745,0.8867518549839666,0.7791571505166464,0.6440730371769647,0.5087018952707036,0.8402044331290237,0.9033226275397963,0.5877525241170432,0.7944360600927136,0.4076788168592378,0.7509429634636041,0.9397737252028766,0.8187300944554039,0.6859461385482384,0.9746932822918835,0.49336356387945246,0.5073499779432602,0.6534828676402142,0.5742324390452291,0.3140958184640086,0.4533067757508342,0.0,0.5752052299609467,0.9003768137917065,0.8434400991586848,0.5418290689301644,0.892852063763014,0.41699872009904426,1.0,0.47540350075577953,1.0,0.7200908381265712,0.03237653421304384,0.7921501737814578,0.9084238431687384,0.0,0.6452949776965358,0.10622684624296458,0.5494944505082803,0.26995374314859455,0.016824668710147796,0.0,0.6351732806609733,0.7779558520844474,0.4490056686369708,0.0
COV434,Non-responder,0.23739383245079093,0.19756225057227272,0.5271978465191545,0.2902363367161971,0.48612656545604205,0.8358765837450344,0.28733299146057734,0.4391039516156643,0.1050613249509138,0.5701368968026652,0.5111571347410155,0.1781041740818612,0.4190200510259644,0.30320650779383707,0.04548959033786866,0.051663118078346164,0.5134426749114689,0.9999999999999998,0.37732690579114436,0.4950569834683174,0.9999999999999996,0.0,0.49105314431547487,0.32925923673640023,0.522330986103118,0.008207963827573276,0.49949427917785805,0.08386386666498434,0.7300529086821801,0.2915834415569456,0.12909750504734321,0.6862074918539434,0.37221390378078967,0.477537386451088,0.7762361419088797,0.45958244417928595,0.029512677985749684,0.7432161579063699,0.6177791293008235,0.01871894299546086,0.8388123320624045,0.04369053980969746,0.04536123482763599,0.5844172721504237,0.06371875346751875,0.3104879095057609,0.0,0.38039126434440096,0.5666959535915135,0.5402694752696293
HUH7,Non-responder,0.15180115823547702,0.5806124307835088,0.5495256078834334,0.45069301623840574,0.1102195697539492,0.7117425794345511,0.5316172169274833,0.3644061696548131,0.21551173969793247,0.0,0.4580379190581203,0.3985481025822111,0.8191087796296864,0.1589159750224587,0.24966737478226647,0.36163209849553446,0.43957686510519256,0.6419138236914701,0.3290579253529584,0.13260112094607912,0.5136573897507191,0.5089812249058518,0.5065392475660555,0.4067156226413777,0.4916192093216929,0.0,0.708753516051134,0.16024291564098092,0.7509971631618776,0.6477276273618442,0.18311524582213284,0.501180197327123,0.27682862546693765,0.414566028380441,0.774455688207297,0.5191830052234292,0.0,0.0,0.561546806044043,0.0,0.2393525904017141,0.04369053980969746,0.19066453093001837,0.7240024967038461,0.0762589959835157,0.0,0.0,0.7204622981065163,0.42829032000664835,0.6368982716587119
CAL27,Non-responder,0.6544116255918571,0.5973676203940066,0.22655841925456688,0.4236364725919237,0.258983936481759,0.3878464049929744,0.4784682230684143,0.19095633988134209,0.29269698730503313,0.828980808027008,0.30670649741524336,0.14725569103978753,0.9147377557180314,0.6183182261268008,0.7246804005617735,0.9110769821289119,0.6575358940532321,0.9764568322972946,0.5274888325952416,0.5619242267573727,0.28845712730683815,0.9378254769243419,0.4341183129411006,0.433578595352782,0.5834776326964932,0.6729125182477594,0.5659075577544153,1.0,0.834549280062273,0.955125515398435,0.9636174204372595,0.751556697999634,0.8637930625231887,1.0,0.35733174942548285,0.2755120567107716,1.0,1.0,0.4977655969373358,0.009471710366036003,0.9999999999999999,0.01809261951863954,0.8869076946801778,0.38949129676585903,0.022706729177015803,0.0,1.0,0.5654032466640735,0.9731204830854852,0.4383131972059786
HUH1,Non-responder,0.2595814884643888,0.5714775353175368,0.48462126839473285,0.27413652898144814,0.8581873284671548,0.5037110362234025,0.02271587661372143,0.19597793842181455,1.0,0.503635093494653,0.5543801572313889,0.17543518337252317,0.7956875688915903,0.0,0.09095001475256405,0.02314706182145095,0.7606024958691893,0.6807302806830917,0.06640738789123324,0.015495272206112798,0.24567895083926983,0.6300227274279719,0.396318212321239,0.43562732823967387,0.43422959854600274,0.0,0.5561645553863417,0.302501552267018,0.821447612312987,0.6588252542623791,0.3462246109963252,0.24284191637420244,0.14527640683753051,0.4187196006584869,0.49339346665817096,0.5032532880370852,0.022391699159123275,0.5257504205974357,0.643899311523795,0.0,0.6344602084357472,0.0,0.8238672065214497,0.6695501426060666,0.043889322197320155,0.0,0.0,0.3261475312404576,0.34626548560497916,0.4903981348458748
COLO201,Non-responder,0.46157662502452457,0.7083172387978482,0.6838441559880506,0.4279338689512009,0.713341581425889,0.4551703037419479,0.3816449283675003,0.40504289849732755,0.3563750626317246,0.9999999999999996,0.6464086141862548,0.48207015833759526,0.5567823177892567,0.38281936066991173,0.6529908015054212,0.8117507606903487,0.5964776731208397,0.903273499750181,0.15600475388029444,0.5277061630985354,0.11069169169384319,0.8639162393898423,0.6934211803759049,0.49172162479751025,0.6199873155738205,0.7240537147871976,0.4434990831398653,0.2831841153445037,0.9036717132564231,0.8893805794507899,0.7131073010312703,0.8972137367262556,0.6558531788663597,0.8215440287660298,0.8191012989778881,0.42524095807797657,0.022391699159123275,0.8090386424318927,0.5961245307559877,0.0,0.7673039710280649,0.06762650498139071,0.9999999999999999,0.28791124099863485,0.6953117560837968,0.0,0.1496288524800781,0.9957578134154432,0.8038410799112237,0.5212050331710119
SW620,Non-responder,0.3737859616800474,0.5116494486126797,0.4725964713496076,0.4789888555993571,0.5253912786644648,1.0,0.38960015323414243,0.5252961845632509,0.17845278765900696,0.60906231448871,0.7424411595044411,0.2878241024359185,0.5084550606702559,0.2517784325904815,0.5437782979626242,0.0377186541891951,0.41257200597474375,0.5183812687366902,0.20120277222800098,0.3791629063709525,0.3199783087923773,0.7332167488988672,0.6167492235245213,0.34749023461497375,0.5054954420097832,0.0,0.26803215307143846,0.09220141834738906,0.7605230582773519,0.3938889803418,0.02095456659342375,0.3383906353219325,0.45300830012360604,0.28116927691134286,0.5942795348476491,0.6352161168685142,0.007642556624227983,0.13867330378882187,0.6748267744043397,0.009471710366036003,0.5957154776016359,0.04369053980969746,0.635153873760097,0.17292302935574377,0.3291494500432187,0.0,0.0,0.6896145983653081,0.3291421436454489,0.4493268198087348
HCT116,Non-responder,0.44247287782435674,0.2821979954464142,0.6283224992404106,0.2874409197687957,0.21432672320178137,0.8228672542520603,0.8205888773762511,0.2882434830695142,0.4245437902163016,0.9829899993364877,0.790872432032848,0.23978438136051405,0.30154786267273925,0.4700615198681901,0.551136807716897,0.051663118078346164,0.8658052604031248,0.6569833606121074,0.6200610543952898,0.4342955804673836,0.5650288004065502,0.43571440773495423,0.535266402106495,0.4283073863483895,0.6946514936299977,0.0,0.5976252415304195,0.5522859495599955,0.8902395642351524,0.4645378523861863,0.07905964310089508,0.703345355045542,0.5159421620445019,0.5803367053700541,0.8963965630533406,0.7083237592788754,0.029512677985749684,0.12358075835699396,1.0,0.0,0.6383582804860345,0.01809261951863954,0.5128153051832793,0.32220126805204674,0.0,0.0,0.0,0.8081496100680772,0.2690506581179539,0.7871016644214759
MKN45,Non-responder,0.6898902351737801,0.624038878556167,0.501626801372371,0.49149409884107453,0.3042192036378082,0.6795198391069848,0.6819559944002922,0.29684427393737245,0.2852814461238218,0.9282090564867072,0.8571320974601031,0.3942637075872315,0.614020167467267,0.7525517848683076,0.2609723302947709,0.9444731125709609,0.6638116146718107,0.6540653842813111,0.5909760917115134,0.48854743730277583,0.0,0.6618597149792846,0.5377111000977177,0.5044479911578792,0.7115690240664332,0.024048268893860168,0.3083794508495594,0.7559578894178945,0.8847069068417149,0.28748359263578194,0.03082236323031322,0.49521527933513915,0.4477894760773451,0.33760085224122305,0.35646829058264284,0.62757451351517,0.0,0.4185989016854995,0.6957887266873328,0.0,0.739235991273599,0.06762650498139071,0.23268292326262643,0.22944580810655868,0.6278684684198083,0.0804034601902859,0.0,0.455355635627821,0.523474619497557,0.4398599609861913
SCC25,Non-responder,0.2554261726202123,0.17395061348681917,0.02153404477362475,0.7551470711180908,0.16308186239179623,0.2798517241067042,0.5095869412055385,0.0,0.05607727746671154,0.5147415772163764,0.0,0.14597950641465696,0.7820586376236377,0.495414901407111,0.732426539686849,0.8482895045162862,0.0,0.9143445627074784,0.5694709285573962,0.06338551503813017,0.04584436887459109,0.6485105953577686,0.006585052694619176,0.04401024992134728,0.32807097826066167,0.4989742085095127,0.3345822793714337,0.0,0.699017839890827,0.5835091109422488,0.8910879531146386,0.277914291994533,0.30517946494295356,0.7085796414099832,0.2314065027922081,0.08375980068904898,0.9318047806918294,0.854401849031058,0.17843817463110856,0.009471710366036003,0.8545765894956885,0.026822356056374844,0.9292557196855508,0.37098914448624765,0.11643286200360298,0.0,0.7672490122533809,0.07154260279700964,0.7207171354411552,0.020210028561585602
WILL1,Non-responder,0.0,0.0384344802575578,0.2601708067119448,0.17223591542532435,0.017089975196738827,0.5754393879965987,0.510056885142327,0.5004236320417097,0.6707825249216635,0.5099939970505996,0.27372336434094713,0.2663785526783329,0.0,0.7015893980580188,0.6326928399009232,0.725359935826854,0.6657815560401499,0.3854310272694701,0.7825974669251385,0.7785918322365655,0.43536927441785744,0.6883263812490501,0.508315723301483,0.5014035060993312,0.23444665615518856,0.28215783404900224,0.8576317949676211,0.10837198376901414,0.5791782565986628,0.4628585127703466,0.9590933533789193,0.6519399813361291,0.4837007285316126,0.6105636852089089,0.9146742240791705,0.46763281596319084,0.0,0.5585491150700364,0.5826469866576347,1.0,0.7260247134644712,0.8641847318703247,0.5271365194948098,0.7350816337071562,0.7248728267835837,0.0,0.0,0.2931844849394536,0.7175816966352961,0.0
SKMEL24,Non-responder,0.47467485358209593,0.25690105999336765,0.5641722906684761,0.3757230430088925,0.48953932401063094,0.670400973853611,0.40040228457520755,0.5443371217631703,0.2374100311730185,0.15424078710062394,0.3004830890186172,0.2579919577357508,0.9765215644397564,0.8441257712117998,0.7944886366282092,0.5381362097836004,0.5704958600900856,0.5801280056869123,0.7122131646825327,0.6201574860097248,0.3151183900519725,0.6646212783433472,0.7726193190091417,0.3387407644882243,0.7432296886079017,0.016221400471459986,0.6464875575413207,0.743921941749517,0.813101903949156,0.5649859720179127,0.9593846283321591,0.46328234146589825,0.31127369520660064,0.47283241891582406,0.5952456254843996,0.0,0.7416261736136444,0.8135639708005236,0.5489102801389381,0.6311121538778182,0.6747888189558594,0.03535236658395279,0.7678458196578467,0.6822397732148553,0.022706729177015803,0.0804034601902859,0.0,0.6163788332589006,0.7439189013568903,0.0
ASPC1,Non-responder,0.5207687282196325,0.5116494486126797,0.4183910884381632,0.4670723440544313,0.4711277647620862,0.0,0.14609323051775558,0.6207320919087129,0.3091520740581757,0.9258860187852451,0.4928250596987107,0.13751437958974666,0.5756822333037693,0.7679048720272941,0.8640001905186451,0.7677688616176715,0.44570031532438215,0.6203928171520159,0.42631584000984946,0.47007962912810175,0.1837332763316577,0.7878089076502073,0.613328936219544,0.5491584275088637,0.7011534046788106,0.22787176527464179,0.6236619161031953,0.8320716383607787,0.9403575813916966,0.8038574787171282,0.845483537015876,0.5848073886496417,0.5783114352438208,0.8085765900361513,0.48008123471159214,0.14434288841600607,0.0,0.8576149807466906,0.3527544948791177,0.0,0.7168972780448842,0.0752678679368814,0.8302243685071793,0.5542121961490323,0.6967536795089256,0.0,0.0,0.7102501671506527,0.42127656551959447,0.12968038123274717
G401,Non-responder,0.1272326553878953,0.12938083651251908,0.5941887281773379,0.295574037680401,0.05184263131731637,0.8330818014983015,0.781249577946391,0.4403535779034491,0.4970701030486695,0.2615468734853885,0.5322520976020506,0.3599106494751809,0.10055213351011316,0.478224200162213,0.7140157658429437,0.04476629304293674,0.8047017269157957,0.4637878165389593,0.3487382545194837,0.4310350877164364,0.6534248098356987,0.6809794161488008,0.0,0.48832634241884953,0.7157782288783898,0.0,0.5192469455971929,0.1805022861093441,0.0,0.31361018499377136,0.11586055508650522,0.8081108515263278,0.3672556160713287,0.5383929931067046,0.8746193938810625,0.7677815907103493,0.0,0.3939516680308905,0.661962098221279,0.0,0.0,0.01809261951863954,0.3552072083014365,0.203206233426795,0.0,0.0,0.0,0.49432515889670636,0.3294849344615738,0.7546880454496927
LMSU,Non-responder,0.8914632826022206,0.02475351490616262,0.5318956244784934,0.5042415958200583,0.30395521745262677,0.6779213943455855,0.872037174429479,0.5608837938845053,0.6047311914271201,0.6290861659062292,0.3326731188966132,0.2474791203494271,1.0,0.3829361086304175,0.7389341811207566,0.9438003229448823,0.5885404327988955,0.5970280225331244,0.8134602578147385,0.4973776164757755,0.42272842395846144,0.858873181587213,0.4206944934592054,0.5918276174685082,0.6005141956850237,0.0,0.6541270083877286,0.6588742521050117,0.8369975479210392,0.4685230402137355,0.8652472310933503,0.5201643369233744,0.7032387668588698,0.4392909066232583,0.386512445922905,0.3239445695148411,0.5928993547665165,0.7439694429547578,0.5732935764760558,0.009471710366036003,0.5313882294995081,0.0752678679368814,0.4473335915212312,0.3357023481461743,0.24710547507143255,0.0,0.0,0.3789849145515296,0.5614678539587357,0.7237041137676492
SW1573,Non-responder,0.337495448368065,0.0,0.557194623588777,0.43531066421763476,0.5665593647201397,0.6171379793240761,0.9896102926184991,0.5842635437562622,0.566528025066217,0.6994036562458388,0.12182465821970112,0.2590937190771223,0.46341927852921255,0.49516886418458217,0.3561229102489243,0.9466889549097269,0.9324446299453202,0.7485100167084282,0.0,0.5469906236663378,0.557390942014413,0.3558683851901801,0.6996889194054992,0.598752568419354,0.5207969544954643,0.016221400471459986,0.6172681639979327,0.2410711681194779,0.8542779457307621,0.561189475242194,0.3547190495273872,0.8027204459968398,0.7840109544421017,0.29034114236349784,0.8450816022123191,0.6218929270057791,0.1588575528044534,0.892205729222907,0.7808852398980615,0.009471710366036003,0.5306508142331405,0.0,0.7051914379748703,0.5565622270256632,0.06371875346751875,0.0,0.0,0.6836653268816542,0.27378490512618203,0.45914129077574195
LS411N,Non-responder,0.23954730142075675,0.2269635677385562,0.4548644886838744,0.2595921527498277,0.07632785449868962,0.4124784547468354,0.4620894062820353,0.5035993891561699,0.11117142165108618,0.5165917712414285,0.631543810023282,0.14504856132401844,0.4386787619856891,0.39954787638259015,0.5685670570645441,0.09016970590277751,0.7124313300235752,0.43218206435408724,0.5297368978574193,0.1752460201607522,0.24306648988099822,0.5736597633056322,0.7746628413871324,0.23588584803904356,0.6141097266116087,0.1657056193221062,0.4899016909760521,0.6500714349175396,0.7985010774446142,0.5485512133735007,0.32789709675474,0.5463240331298109,0.4515273140402982,0.2677286997912314,0.5942795348476491,0.4711611606212496,0.08707497933527766,0.7224036542046469,0.6228402268283113,0.0,0.4718125209121265,0.026822356056374844,0.619983420944464,0.260933364771363,0.015316484899725943,0.0804034601902859,0.289214217746552,0.5080446979715387,0.3225736852647838,0.3802559032252377
SUDHL4,Non-responder,0.23468969753449986,0.3576169911611098,0.4689456602661215,0.23236418773148215,0.1849138746602743,0.20815072618130825,0.2245239360522273,0.5740533993741463,0.24632592140940668,0.5436980837000931,0.3715976530133682,0.5812733603485984,0.2228974185268327,0.4158780428531754,0.023760497816090215,0.26342019043100706,0.3456459667034566,0.0,0.4993929735001892,0.27722187208546245,0.4032404097701061,0.8875147505116883,0.6799686394401101,0.0,0.43228865760975266,0.008207963827573276,0.34327057820631657,0.020158894791651075,0.9397174694700808,0.19931289177749156,0.8618129670413829,0.5760858184661108,0.3454637264200635,0.11723934047008608,0.0,0.1754276248072295,0.9504135874475621,0.5653132411979477,0.25780370312127854,0.47690690684810455,0.027092953797210977,0.9999999999999999,0.6622635287085598,0.705484432314317,0.23338279599099085,0.0,0.0,0.3789849145515296,0.6992953477441199,0.5135214061374596
SUDHL10,Non-responder,0.2939633399318984,0.5127638944782626,0.6248004438316626,0.2823019200370174,0.8163972883866264,0.3227226333237794,0.12807860957982342,0.6180797291731586,0.35096925747457286,0.7204807196777825,0.2775697047112651,0.4005025284411081,0.26995254411172154,0.5441376216618918,0.0,0.5760407925447513,0.350363460271367,0.17375567986620966,0.8462751496575844,0.4103525501095193,0.4702285081312585,0.8700280225806425,0.6653599275505744,0.09558367365536924,0.4924499500009998,0.031696067856915804,0.34193837633200763,0.010200320221724667,0.8843380059573,0.0,0.910700946774182,0.0,0.4315125620985487,0.2716435396689143,0.14624482247614967,0.23880663549084247,0.6465008440063671,0.6536388005579782,0.0,0.1150575599756838,0.5635557851452738,0.998829339789068,0.6405139361315153,0.6843384094595732,0.015316484899725943,0.0,0.461626525503063,0.3937557407575927,0.5341543858968745,0.5458174531255997
CHAGOK1,Non-responder,0.14287730733929305,0.6350492097530767,0.5253390790221362,0.24364943728274224,0.0,0.6946831046452049,0.0,0.1709262681206245,0.4070751075102579,0.678437190161111,0.646601334739878,0.0,0.2548559951324842,0.010769460034412592,0.3988809720038729,0.6799928766736256,0.340560175299232,0.49026503464237936,0.11539638238007388,0.1752460201607522,0.2198192462431181,0.0,0.6087838857133241,0.7660188382999693,0.38141126045183427,0.11757562675061839,0.0,0.9221669469205944,0.6258459048638807,0.22147785762936167,0.5159457690854709,0.3418122604828738,0.0,0.1066732179398864,0.5140618385366946,0.26004145452231464,0.029512677985749684,0.704559452536605,0.40254752942265126,0.009471710366036003,0.524638563356383,0.026822356056374844,0.7114573611523295,0.0,0.0,0.0,0.0,0.7366306560671543,0.5872427245038878,0.0
KMS26,Non-responder,0.597539019094568,0.5421040276812485,0.3030748150630531,0.28988843555252886,0.44832001840678704,0.5599055988394488,0.6415400642147722,0.5759482020113551,0.8542861508747732,0.8289061649407476,0.8312116927726008,0.8582806929958302,0.09641641897889212,0.376452314722568,0.4418525743603234,0.8173608322309557,0.5490584037111419,0.9373543044226531,0.5204500640069916,1.0000000000000004,0.348131330624196,0.6746149277902875,0.5074286463843951,0.4822149705147609,0.6266266604021866,1.0,0.9705760788425186,0.010200320221724667,0.8095842474258028,0.5669714024529184,0.6439774794529098,0.6980719858575166,0.5135975663185253,0.0,0.5535305393323129,0.618565017309368,0.7148160415103181,0.3233606840321337,0.5269958795847747,0.7883461206218246,0.9255596562392386,0.25858263877150506,0.5392400935028273,1.0,0.007750080163775639,0.0,0.461626525503063,0.5810182782834148,0.970470182159846,0.0
LI7,Non-responder,0.3882595199972565,0.5054347131244201,0.5375884681599716,0.9432615904967288,0.6908182260613223,0.4721231055546147,0.5015234962587836,0.63947991843964,0.5592885264640151,0.7603952387545267,0.4632654193833954,0.110369265269747,0.30154786267273925,0.2763751114272166,0.6255059886814096,0.015610307250936026,0.752278632587017,0.6431058333586492,0.47205307841746613,0.4494037394771304,0.4844887670959386,0.6840779418315055,0.6773470316636743,0.4064345447526283,0.658564738333788,0.0,0.6975536383992669,0.8849146694179802,0.7100170423901435,0.5721853807792014,0.736199966619013,0.6562421678781831,0.4417012183084674,0.44022230224253467,0.560974340614973,0.42278274607621347,0.0,0.48993691951360635,0.6966008791701941,0.0,0.5528341542249703,0.03535236658395279,0.628114043988396,0.6792486346605275,0.23338279599099085,0.0804034601902859,0.0,0.6661716555413308,0.42127656551959447,0.5585304734213956
SUM159PT,Non-responder,0.16223801979676278,0.05159166279425875,0.0,0.0,0.3378351469634846,0.3088256918032286,0.5029567647449089,0.36003235008947687,0.15644947716798052,0.6599113250275028,0.5339325064621185,0.013799752698444578,0.752603992781515,0.3115554036661976,0.21133065809217194,0.8092778185740996,0.48634274998349714,0.6654225458957435,0.7997765458650505,0.37949527379645476,0.4995644599774298,0.19773101014137395,0.5303228358325238,0.5191417719999682,0.0,0.0,0.5145119594184622,0.749010322145611,0.7331672065826063,0.7344668078750287,0.8528180011885527,0.3647581870610587,0.28874277850859065,0.3519251458107273,0.48837327164724753,0.2528305682011065,0.24367716791075647,0.6667135638679247,0.5877887772274195,0.009471710366036003,0.658521029138647,0.06762650498139071,0.453107785137716,0.383672899083626,0.6646279189135111,0.0,0.0,0.4040686971129861,0.1811594083153487,0.5116097700874755
HEPG2,Non-responder,0.1791329897068552,0.1261626552673194,0.21710819479305687,0.22698626290781276,0.530913753910387,0.7632133717973604,0.033733460841452345,0.19134524911987105,0.0,0.5859963750567583,1.0,0.024237373235934,0.36486196902667056,0.4417980988376047,0.3532940908170733,0.0,0.22188069796411014,0.44659723239385873,0.34016153378205827,0.027710675457675915,0.1574396799238298,0.4823571338311012,0.48636169680665975,0.17772163535155006,0.27606504770446527,0.0,0.4933978209151393,0.010200320221724667,0.636352810020507,0.6886490901937112,0.0,0.40046311425869563,0.12447440309610014,0.34053730599933285,0.6491675145779281,0.5100998766099503,0.0,0.5368787277085196,0.3158559722243681,0.0,0.5869177416619231,0.01809261951863954,0.0,0.31159143347585627,0.02992789343714695,0.0,0.0,0.6490605816198549,0.2436993118707531,0.20029775953539186
SKLMS1,Non-responder,0.544755707940034,0.5697075093144246,0.5518926582623376,0.5203391901320782,0.7531767732583972,0.46332468039637,0.5852147042892915,0.7192697937745001,0.28259979923290013,0.5688110941470055,0.2791009722003057,0.5083077244861638,0.7332225480324887,0.2920520494988055,0.8479712567408142,0.681877687786749,0.5379218079415278,0.577065974142976,0.02849822691485082,0.34253572438104474,0.5551837246080482,0.6544036220631322,0.7824503355773744,0.5965282723464442,0.726180919853896,0.008207963827573276,0.6362972107981983,0.12390834499022359,0.8503893490304607,0.5172267176821734,0.8522990614502701,0.6756643131206106,0.48762751563063134,0.5090170160877509,0.8177890364483891,0.6090296866125127,0.730170701912398,0.762485441411196,0.45853864601783334,0.009471710366036003,0.5231032546472233,0.04369053980969746,0.722009783504556,0.26392869007225817,0.015316484899725943,0.0,0.0,0.8235371867875294,0.8919821481814676,0.0
PANC0403,Non-responder,0.3737859616800474,0.33829259007871837,0.1323483777221739,0.5020850487045159,0.6190100579621354,0.2644651586662259,0.24930070142127958,0.5119470151260304,0.2310524904332647,0.49717648305111073,0.3063423129999343,0.07703872513686161,0.7705200621060948,0.5174799385567557,0.5996487494749396,0.8121588257109604,0.5973702161622794,0.6964017745534992,0.35102222211308653,0.5204366608450135,0.14800667478423257,0.8227311395509993,0.40674353018610243,0.22560047242107828,0.27099342804539184,0.6893419864800108,0.7107711778863388,0.976650023387072,0.8734425984906137,0.4462613865388765,0.7934579173414538,0.6697039494281583,0.3712289727643965,0.7006545316643451,0.4858397742775389,0.18225360296480808,0.029512677985749684,0.8942671841274858,0.5444313597621524,0.009471710366036003,0.7999698497271515,0.026822356056374844,0.8432863835328018,0.09397042584659943,0.022706729177015803,0.0,0.4198827531909129,0.0,0.4020302260045141,0.3370765057487448
