,CAL27,COLO201,SCC25,PANC0403,ASPC1,SKLMS1,SKMEL24,LI7,LMSU,SW1573,MKN45,CHAGOK1,SUM159PT,WILL1,LS411N,KMS26,HUH1,HCT116,COV434,SUDHL10,HUH7,HEPG2,SW620,G401,SUDHL4,TE5,MDAMB468,HCC15,OVISE,SUIT2,HS294T,A2058,THP1,SKUT1,TE11,HARA,SKHEP1,PANC1,A375,NUGC3,MDST8,NCIH2170,A549
MVB12A,0.6681976458445711,0.6700121231752079,0.5604791983131061,0.6355088158642863,0.6705283358987522,0.8700251395563614,0.8327576907630785,0.6137460019151473,0.476873429614314,0.6702703517096633,0.8615196356875592,0.6916066878564469,0.5100697896326956,0.0,0.6346289520423551,0.6265826712975298,0.5434060793527957,0.851109361990382,0.7347934150226025,0.6501937537382065,0.6859414134684572,0.5893004775190656,0.6083137478957423,0.6671553598942779,0.7682423221524444,0.6537805407544239,0.92397865267313,0.652406526587513,0.7723982848806672,0.7412034555272105,1.0000000000000002,0.8944136713701922,0.6493593655303698,0.8287212992896074,0.6408739658899443,0.7394164355373414,0.8598563817995524,0.6559647962869042,0.9720307563416586,0.7769192655431783,0.8018557495968068,0.7200942212556878,0.487293493195456
IFI44,1.0,0.44949065771686925,0.879181718501547,0.829059478731085,0.7870451882054617,0.7489056498376176,0.7616607760314916,0.282229216610929,0.8468174699671116,0.2316165514458428,0.16544876807555076,0.5032912408185483,0.60875359190008,0.17844085237942978,0.1995368296082167,0.0961201613646737,0.07279327688005423,0.1752608760103877,0.03041003671744707,0.07279327688005423,0.05769732559278269,0.036098596463048596,0.0,0.0961201613646737,0.04712068227412145,0.9003163280800205,0.7882568155687474,0.8609180512798447,0.3665975917719408,0.809103699806823,0.7614550464393943,0.7778222373906373,0.36277641630586166,0.5670432134795479,0.8384274778647821,0.8332549385323675,0.4269471040221118,0.431358556152683,0.7420894008255221,0.15520384974665455,0.7720027359796936,0.4260507753461869,0.04712068227412145
NMI,1.0,0.8805944763955686,0.8694228386993447,0.9216460398377385,0.9201645491134625,0.7342760097310946,0.7634177239801007,0.8394319663875743,0.8235011579776168,0.7695489803455166,0.854101774313514,0.6767631305130194,0.7676337426627639,0.9589920337447858,0.8591052753862162,0.722445680870927,0.7916373220671317,0.6889856458186017,0.3129948182587024,0.7760503727036389,0.6559755961690937,0.31123559377325294,0.3232507660915343,0.01218695106758301,0.0,0.871763392045377,0.9213477206358182,0.8975508735036163,0.9484509241943284,0.8866026929123333,0.663273603506404,0.7388411810476924,0.9580852115611965,0.8336124827664582,0.8798784941187686,0.7397803345508224,0.8016224274153041,0.8769595795566283,0.6912618590966907,0.8720350606890958,0.6732194925473951,0.8573078202991342,0.8215570454600377
PROCR,0.7302223429781218,0.7309745260631588,0.725566557558718,0.8165882669001431,0.7616372554729712,0.7911974740600767,0.5797035975633079,0.6487967803505135,0.7382446197572845,0.8899360460028928,0.40614382547085415,0.6304774742007743,0.8237417772130912,0.0,0.6972603248366344,0.004804057822405186,0.8157723445850595,0.7993834796576087,0.19399391241317906,0.0,0.34425233243247966,0.1704623858071731,0.24043379087586716,1.0,0.009515738016504696,0.5556099431020071,0.34855498468682433,0.7444712313736788,0.5940705822070799,0.8862436659265905,0.859992634858604,0.774051983880218,0.5861923553536497,0.8026013436608311,0.7325554411171873,0.7857998848359492,0.8521392247252128,0.7770356426720475,0.7313643805417929,0.6690780074266528,0.8478087681119268,0.41299670167570757,0.8876962924686199
LY6E,0.977023246168131,0.898623077040035,0.9575899392687437,0.875933051190035,1.0,0.7498035659644708,0.8983827415383503,0.9055380170521949,0.7674245571562777,0.801185702339849,0.8409721244588084,0.9081332935855206,0.734076962573025,0.5665087452672586,0.8217083292932295,0.5412441421656896,0.7188633720587589,0.8614043284987758,0.7677352134406403,0.028973555934644124,0.5269955183928096,0.7271192101964075,0.682629782633484,0.7530942227523583,0.0,0.92373850957078,0.9189566008276171,0.8855017405688612,0.9673437261975886,0.8568312998299237,0.9409870138026368,0.9063997024564319,0.6194250763556437,0.8132604703569843,0.9035396329695948,0.8841434262654166,0.8184884006359565,0.804972349770201,0.8986587419604994,0.8910999235098067,0.835561417299298,0.7855376270411647,0.7754441967189867
IFIT3,1.0,0.7783482240220514,0.9313805290250126,0.7694944355938227,0.8575006997456998,0.7095389910275973,0.6894978619882026,0.7037953627527299,0.5771202448617667,0.47849182851452426,0.20888392226066543,0.4435489531638022,0.17212965264330787,0.5563396038983922,0.22200980563020956,0.044333026576788975,0.5191383583348225,0.26415077885973404,0.15554974707205138,0.0,0.2343733319003682,0.22621178723780266,0.4005402323441241,0.40545704411321554,0.015622419487924505,0.75844629344568,0.7498363675344053,0.7379297104287008,0.8713689726609883,0.528212539811483,0.8039973205845405,0.5353568196106908,0.270963432195722,0.6568174346895364,0.5766059570719007,0.4825418871221589,0.6744969645765881,0.7217802880205063,0.6112428411357103,0.5401510312065835,0.6126147583945349,0.37552857531012385,0.31031488218820935
PLSCR1,0.9999999999999999,0.9168987703108297,0.9441535281448433,0.8616244495680137,0.9144571393799931,0.7842593873627508,0.799559266128222,0.8290567297964991,0.9405081876336953,0.7440616980899588,0.8819585235925004,0.8160239909938046,0.8722428591156184,0.27124104311310143,0.8400685725180675,0.6650883035200927,0.6474867468037523,0.8198589906514413,0.701053276241702,0.5084067032548149,0.7159546245304506,0.7467709650073452,0.7272212589590566,0.0,0.036250422036053276,0.9947693711571842,0.9431989804849862,0.7817322976129008,0.9140262256877291,0.9090121621815103,0.7792736062451375,0.8710465183531165,0.8002455852370769,0.6775512011051448,0.8798382696148002,0.8741202484540463,0.7147379583494555,0.8336044323893423,0.7837930287339745,0.8273094864756456,0.7846393480311507,0.7815151915456133,0.8290300948371294
EPSTI1,0.9259547813155351,1.0,0.7185377770818437,0.6804456223015147,0.6900127962272824,0.40493890801111365,0.10947775236019522,0.6129020148058821,0.6478713316245314,0.028140152616646125,0.6203141340345872,0.16820099732817775,0.07170366968444103,0.6232652729801763,0.5239515598095499,0.4319522456546986,0.059912517761536124,0.18770692989744428,0.06586888172523546,0.6561417999110136,0.4106422553037514,0.028140152616646125,0.37709239286185425,0.007287129615651252,0.6190317609177666,0.4737678385550535,0.041267596313370264,0.7738949877567943,0.37206380192759425,0.6878829508077388,0.2323446451559488,0.3139669133638233,0.2415940915226593,0.028140152616646125,0.39455421122712975,0.07170366968444103,0.0,0.0476167639206207,0.028140152616646125,0.521634567311819,0.059912517761536124,0.37375345116155073,0.021350344146607258
IFIT2,1.0,0.5704402879195432,0.849251967815394,0.7268159893112764,0.8739047093876774,0.683575202917013,0.6722298074897877,0.5644767857670399,0.2766730560529242,0.2766730560529242,0.11802917171249468,0.5028967747942605,0.13409633224087514,0.35972848327011203,0.12214170172281295,0.0,0.343446996756902,0.14176388480094032,0.3007349395730749,0.052433934138810104,0.11384979269049612,0.006332231564967594,0.3136081277440211,0.42928326059755617,0.25436334254683907,0.7586095652414223,0.6568872390410487,0.796837361727228,0.812657845626143,0.3274083896307291,0.7077708359788544,0.32907025314066557,0.1668852745084668,0.6822805403084179,0.5284001199931226,0.5430539604713462,0.6438362199066836,0.7646529707425441,0.4632245536644225,0.6291094615984566,0.18654285793725905,0.30262286614131345,0.21329799787957848
MOV10,0.9891244429704449,0.8582428338659254,0.8524997835869146,0.851051316142984,0.865396574940865,0.8876876645062637,0.8583381545487796,0.9237088319878806,0.9047526476140337,0.8818791111698776,0.8135596400216649,0.8684407504584144,0.7317386205856815,0.843203950223778,0.8612143284150999,0.492512876053408,0.9216782822469312,0.9084165586282229,0.9562913104660502,0.42739455678093585,0.9265102533885936,0.8433101047034173,0.8325657944901708,0.9464600117283912,0.0,1.0,0.9880688585811572,0.9884679609824938,0.8548646470291659,0.9378738499141874,0.8499929632127587,0.9229768166990422,0.8855582745011616,0.969400038495841,0.8855192439687671,0.9053256115340753,0.9076258424482311,0.8553036182598064,0.8712019536571278,0.8538349593942338,0.8205098555678061,0.8169169342125087,0.7295989602046109
LGALS3BP,0.951999188320245,1.0,0.8924016767290599,0.9755973287081121,0.906251618591305,0.8233536160635322,0.9854756611069624,0.9566098715099709,0.9175460363426449,0.8916510342910708,0.9275028367533147,0.8205325197573063,0.8742485525819241,0.6976225281436241,0.8743342518011354,0.0,0.8063644690154395,0.8844518823799414,0.25734732605881977,0.34931380540965845,0.33737228161203897,0.9350611131022137,0.9276896368845087,0.5479431386535374,0.05622522700824917,0.9070439523263005,0.9231972580973953,0.9526312628061839,0.8939754788668535,0.8891166087014337,0.955456984764284,0.9738814347079439,0.3318501329813108,0.9341351484004319,0.8907877618038362,0.8170005234989159,0.955738411003302,0.8729527549594549,0.92362144968572,0.8776470711341973,0.8996281012576859,0.8504757173411375,0.6647134816942584
SELL,0.2749185328559515,0.11198368533126371,0.2424276122591123,0.20931515298246164,0.037308841174996214,0.13325377031370247,0.6516663860457078,0.5999078160619794,0.35732510238032833,0.05774857771408861,0.16249578117947655,0.32957765559434593,0.0,0.06427379800453747,0.07066375036421112,0.5748164162764554,0.13325377031370247,0.4700604416985177,0.17161339741768256,0.9999999999999999,0.26559156065918926,0.08906921036162443,0.01544990451023757,0.13325377031370247,0.29823898523941983,0.20137089454827944,0.13833809408162207,0.0,0.08906921036162443,0.030188590843370295,0.48765676811028624,0.17161339741768256,0.07692327669862353,0.07692327669862353,0.1804450443805862,0.08305697401177572,0.051082985329462684,0.007817589953629793,0.2687383004039841,0.4390211549070691,0.030188590843370295,0.397320514987092,0.14824644548924426
ISG20,0.7621050569209755,0.9501064821883536,0.8029707540878079,0.7799918078221499,0.8982422861580146,0.5489751363124764,0.7110354052120246,0.6351138711499505,0.30627552041733297,0.6032106276923235,0.5226524190378212,0.634343799409385,0.17698491977237363,0.8070402264957597,0.6790218017032297,0.986036585696167,0.6193476229528777,0.17496129583852177,0.2829956623549793,0.850339640668186,0.722569889647682,0.6008318519319517,0.38913099074122515,0.32838414424790385,1.0,0.5035783759276133,0.532005855818164,0.7153930803466829,0.6105894299391007,0.41280027839361777,0.7021266676395134,0.7819279361934632,0.2991834352639524,0.6603289325190669,0.39069536600088095,0.22450910517741446,0.4897687795833673,0.5957168019249229,0.8893471960482189,0.6165550798233052,0.0,0.17292125439392597,0.6322057205159608
HELZ2,0.9816356709177108,1.0,0.9247260391694518,0.8269784669239106,0.8766036783840381,0.897145526034896,0.7110399184971354,0.5030925071019168,0.6969316244181571,0.8356101926505739,0.8996395536467814,0.8852856013604213,0.574095145060699,0.011079951944063526,0.7662045550935142,0.0,0.5648074927106468,0.6649398241501168,0.8439026001987888,0.46768180105158447,0.7780076461130652,0.6851092667203811,0.5091824319814642,0.4878360514013796,0.2289178384925893,0.9332560589244914,0.8679795594698714,0.7057439488912358,0.9723630807546697,0.7818829403867023,0.9263762239572699,0.6943207621764425,0.6607835787200598,0.9285727076557084,0.7949373453849642,0.7222236798024417,0.7793610291506603,0.7241924012701746,0.6811568203806024,0.7386932312859897,0.964481139460625,0.5440876444451477,0.3947553705487237
ELF1,0.649244223181688,0.8533265836556854,0.3678306576063972,0.6074448316586014,0.4893861308209566,0.2659840946524181,0.49577187941321976,0.4041652205404398,0.31779709902900444,0.2882357597220204,0.6066170881223683,0.2858990097224672,0.43264274649298007,0.9999999999999998,0.6334223100504823,0.8537645822068967,0.26263067692815656,0.43280116886124165,0.30214147249357803,0.9182099216606774,0.5405682997021721,0.4520816211636347,0.38479224759763686,0.22188892273659033,0.803604056730846,0.6653035173745219,0.46578787032735147,0.33623482017666384,0.4883504184252725,0.32863284097040313,0.5451240517484537,0.5531928781647728,0.8368547872967593,0.20142751073767573,0.43766870673289104,0.37604888366675016,0.0,0.26875127088218265,0.3558833670163579,0.220928373621873,0.3128269374984496,0.6814263768333004,0.38007298159937064
PSMB8,0.9873683021205188,0.9098465426161164,0.8839242142674438,0.9397988161511341,0.8850812220935086,0.871282419120163,0.8831999427198498,0.863354947074068,0.8817609836490693,0.9746446613126074,0.8620947317183579,0.763022869980017,0.91575617742806,0.9893191020627905,0.7575366762542541,0.9353244088102297,0.8033360371178471,0.06099340185720656,0.46096387064366173,0.9527400543072784,0.40247274073576145,0.7689053497106025,0.6740161641698308,0.0,0.8780381913919214,0.9112132652320584,0.9624987987253675,0.8025186099265591,0.9060390120420658,0.8662322329491419,0.8573754215084896,0.8659761093603225,1.0,0.84088338078899,0.8260099393745383,0.7976072834301674,0.9152554893115967,0.8269919418879144,0.8300814386585728,0.8387718240212948,0.8759008296010364,0.851203951147505,0.6622431922802653
TRAFD1,0.9772207824630557,0.5067993231339671,0.37769137523517093,0.4019427838097487,0.38121897470043864,0.6376000434794427,0.5590758756188348,0.7130213431375161,0.4072237457047887,0.40656767149951767,0.2398382962136143,0.34049916238492983,0.17792326232088973,0.7283524921645164,0.38051607067382287,0.8358008672085591,0.11839001291020601,0.488167336246939,0.5828345985973122,0.0,0.5643554415861445,0.19476956417086067,0.33709983276003896,0.5374331872785776,0.05284321347795373,1.0,0.5143816713762335,0.5991004394016284,0.5710879909922055,0.43984298191122884,0.6093258576065077,0.41113627550309806,0.5637884994229698,0.5855103854429635,0.49460043859092506,0.6875060880743238,0.3067958565483333,0.5297058134139601,0.5084613529675699,0.5422917087795875,0.3466973277161096,0.28759864054135775,0.5216469116114504
CNP,0.3638244857544075,0.7648452092771296,0.0,0.41208221638399456,0.1914631699845648,0.09395020894718487,1.0,0.6291644003318404,0.32555170105829756,0.5101145806043426,0.5111799350667305,0.23502805109091307,0.1881535130123244,0.1619273933886176,0.2795986627464955,0.24097676702687432,0.3189868696348195,0.4146790914795666,0.5282202971131942,0.06630071957293326,0.24979458890967976,0.6340842371114017,0.42791562599076327,0.3284156213266267,0.10126057927211152,0.35269826659775383,0.4974851460608072,0.37111513714145916,0.37275019018827527,0.35876115662933383,0.9762763557313958,0.9820351312846496,0.3594406911919976,0.7152541852629031,0.03870845236583742,0.4795847603201855,0.46186213663275755,0.3840817271993626,0.7592309201667824,0.043627274128246185,0.6352189683275324,0.3598929525179799,0.39696622214141586
EIF2AK2,1.0,0.869350806642684,0.7945731235490041,0.8268888909017655,0.6758710934958119,0.5457197297333294,0.5998352649217478,0.5957562425192351,0.8256001118701288,0.9114356183469554,0.6092896939237336,0.6020401153400634,0.6641754634434966,0.7601229360005735,0.8992673252271377,0.0,0.5325800543987849,0.9018561383668926,0.795387794681377,0.35429072806023876,0.18474191601146406,0.3983328462596445,0.48343760658516466,0.6517400645312743,0.12923241496211268,0.8083360950279683,0.9329389662527161,0.9766829024161168,0.6822918984704907,0.8921028339055947,0.6828694983672547,0.7387212578367901,0.3521328751499573,0.8926942376534552,0.6100063463174155,0.9426860985657584,0.593510948861736,0.7726128222754354,0.7879782049869188,0.4520060876253309,0.3550073874043995,0.7237885633413317,0.808726074067105
HERC6,1.0,0.8525649988981896,0.8760494094188802,0.8304659360541984,0.7715460538780753,0.6173505861458991,0.6388423379739947,0.45473665695562043,0.6350430009586314,0.6194669229764569,0.5399995353941067,0.03357908389823439,0.43241743452435333,0.460876627135028,0.5665362145009571,0.0271417609222424,0.12158220422690419,0.6420982291344975,0.4151403348555135,0.12630829835027266,0.2611810811460583,0.15738593927129202,0.5840499551507116,0.6704142806749986,0.0,0.5003916157914783,0.6988134934810485,0.7029833254601077,0.7379386700467823,0.6281830985204517,0.730718895347469,0.6046570811226385,0.5367151238181138,0.5801548819319551,0.5622461567750003,0.7191970818771602,0.5138844265149352,0.12158220422690419,0.5615214024084525,0.6656870595343912,0.5138844265149352,0.5934352377081575,0.6184119795417266
TMEM140,0.6913376686843444,0.8763306470517545,0.46325408630999654,0.22053395425819988,0.7022394442210145,0.727550540299772,0.7757046694745544,0.693551464717479,0.4752711487942538,0.5794242073570566,0.41234923155339853,0.6216899664132749,0.5304225172687698,0.5452231203375242,0.6811592439051528,0.7899149230556637,0.6220419518123461,0.5011843889957555,0.5148969820421878,0.8338687843650712,1.0000000000000002,0.5842434094984359,0.7163252946324248,0.5078598336108373,0.5838446846522958,0.0,0.6893865018640739,0.5913331350033098,0.5882023973468289,0.4895633015740295,0.9016840900755689,0.6976568231048319,0.6035442402334652,0.5666142321833187,0.5011843889957555,0.7630895359520853,0.3612351942977534,0.4006157612289658,0.6411190920027592,0.12668887580752486,0.5893801828632337,0.6414488785448833,0.557625550245789
MX1,1.0,0.918139831409586,0.0,0.7276848490244595,0.5506528016489967,0.3827464094386064,0.6027451087672466,0.43552119915163084,0.6228466733044211,0.31388413178478913,0.4193894783418716,0.6921241610367138,0.2651077416402903,0.7281213054042128,0.5460402406175058,0.31227717238357355,0.10248557985804425,0.12270230002307628,0.06132239181026093,0.0804552773445755,0.3501943937478448,0.3336341591418997,0.49879831184470763,0.006198706334918598,0.06624248486717625,0.8215977860770193,0.923409739307319,0.827796895302603,0.47355026097234315,0.3975401311612034,0.7165334265165358,0.5396444593001957,0.43552119915163084,0.49045643006386347,0.5156621261926387,0.6355098482576209,0.24357991539292126,0.4148724326984842,0.5227328697906797,0.5325167898866823,0.27702065876324466,0.3641710889279005,0.08950305270955212
DDX60,0.9999999999999999,0.7515886096093435,0.8645608331993311,0.8144854082189075,0.9082678571360931,0.5548620423835894,0.696240450201017,0.4088008857656089,0.6399003039573332,0.45718030377866203,0.49119696165493354,0.4627425097738339,0.6118035363967991,0.19471398449930497,0.15099886989474484,0.007235786539751619,0.1717750332079939,0.6141181197192117,0.6507887522329899,0.047336881423583256,0.10901923610660631,0.0,0.007235786539751619,0.04101759213087575,0.014303110048500493,0.6860727984337832,0.649332705393101,0.5723801377684798,0.7257604796124779,0.6046502859393038,0.48834675030011077,0.5404315051852046,0.6252064551251385,0.2320722643162323,0.6629587792709599,0.7103561466043978,0.5555198873971687,0.48738687316945173,0.3492297300163739,0.5439783114303849,0.39694630283720833,0.3027076267749337,0.41023570668316167
USP18,0.994924239161759,0.96231185940252,1.0,0.8420501826048913,0.6942712749497417,0.6264106465026782,0.7352738654082305,0.7146043023785403,0.34031389303637494,0.6774947049876747,0.7644575450637376,0.7861704730127372,0.34886741169122837,0.678372882591867,0.8346615305039666,0.020237092840420842,0.5766922248035347,0.7539133499647962,0.926284731897216,0.1347190497802837,0.8425191770154664,0.9324693624718148,0.6974404063531496,0.24714412813069603,0.0,0.8246003924061014,0.9429746156061631,0.9772975142584448,0.6524855066585764,0.8116983231814917,0.726255799140321,0.5301304337633796,0.5568431724004135,0.6608942380914445,0.7711173283902032,0.9477753468702961,0.6752799169313111,0.7272458611443989,0.6647192460019782,0.7317895254953768,0.5862786593911244,0.7371437576843022,0.7405174553162336
CSF1,0.8479577593200698,0.07060400058607967,0.8018973755466534,0.24048370612514522,0.6175102804776443,0.6038610682054203,0.89662682474346,0.8811954848676047,0.9125518808154479,0.49522750284344685,0.05586689602155415,0.07999147930660179,0.8513316805341523,0.39749991847189947,0.2586715542577369,0.5171339140438842,0.775887989728641,0.3908454685270333,0.6403513155995088,0.07999147930660179,0.7102472819336733,0.5559487610382214,0.023725485044475025,0.7210568527120507,0.0,0.7929260593437448,0.762137948970499,0.6903227970992128,0.48035806900240097,0.500694186341498,0.8218384482293196,0.5600656498323278,0.28337575116926295,0.8009890564222354,0.610285845675798,0.2206701929438256,0.5870452499369814,1.0,0.5832891834721103,0.5702599523828471,0.7039670969132537,0.2154321959272039,0.7315977866750012
SAMD9,1.0,0.7996000667332274,0.7646547167861775,0.7698261757598166,0.8263493206669276,0.7150672463370172,0.7046701353111914,0.1485732634030636,0.5964022205988885,0.3847416443874953,0.09654462006476533,0.5943821787081078,0.43631313648859793,0.754435767259769,0.10596184273342017,0.741901481600186,0.41871370073234804,0.5789811476839971,0.006686383647045158,0.43840063668931095,0.21085517008042345,0.049586325437039266,0.43735983232303555,0.0,0.40310020312113576,0.6618183883521201,0.6751094919072578,0.7116372915833894,0.43420183275175206,0.5308823421146963,0.6350017601702046,0.5598366572097335,0.6322032742213995,0.5333035789869289,0.7980157001640017,0.5972026716354222,0.6445258104511127,0.4198633319157833,0.6234627659928969,0.35355957125868165,0.40310020312113576,0.40184482642995495,0.5881540171530371
TDRD7,0.8670180755344652,0.7693928670479231,0.710047917722398,0.6074914814002248,0.7601293489354886,0.7206314105415295,0.5999340495801828,0.7323236676485858,0.6300621423396457,0.7925126506271889,0.5125795721657358,0.519177787632846,0.509506822945728,0.5032166977023784,0.6726297269453481,0.48378926106972037,0.6822716237298663,0.6488991998969336,0.626770949292476,0.1629761898182106,0.728942228395951,0.649483469877504,0.45114749460491094,0.030516192984133272,0.0,0.7397165601128006,0.7658970748647578,0.7380283348061734,0.7013050440927175,0.6897849058201522,0.6540874904811627,0.6227388406766645,1.0,0.3365068813749951,0.5430425377934291,0.6692881900102428,0.5261343950972244,0.6897849058201522,0.5409414764467664,0.587150187161096,0.5716245662623871,0.49137731786434985,0.7650458476429935
STAT2,1.0,0.8463055991191255,0.7708346049838815,0.4814881594271223,0.4989625512636473,0.9263318068370836,0.7919002600188669,0.4989625512636473,0.6262468852188601,0.36504996677895907,0.5917515638830073,0.6496487475360442,0.2809521972235016,0.767987835797975,0.4093469231274631,0.9975937036326812,0.4308574967164258,0.3607515864449815,0.6309936507776803,0.6014480790379024,0.5053305722608834,0.33773425592559114,0.4153106449778292,0.4156218761620365,0.75138505138105,0.8913148185536253,0.5344361719532587,0.7401680610613752,0.7633335216614419,0.4364852389935212,0.8874884541862222,0.4068068567541241,0.7411282031393753,0.6369988565713247,0.5664316794025583,0.3990806721899465,0.43912109736010096,0.16634446853943796,0.4669209515965105,0.27244531167052966,0.6146071153564527,0.0,0.08049257440879387
CD47,0.9999999999999999,0.737364301043064,0.8820592730863981,0.8902518862264943,0.8884435264563839,0.838328631400257,0.8508612390162594,0.8551092316684167,0.844919679830622,0.7897257314158508,0.8849633184547748,0.8782809708589654,0.7721343741301323,0.8066789142987476,0.8838401447570596,0.872447725461533,0.7248767210670014,0.7615405447406248,0.5643334397356833,0.8342955912843567,0.6666630041780361,0.2247689916800359,0.6513290920043945,0.0,0.6966569886932094,0.8902883809935164,0.8776178168611319,0.6841797469932756,0.9085759870382023,0.9120969576446206,0.786985126146735,0.8060797248975734,0.794020235501126,0.8479504737890269,0.8734657304551863,0.822755940853779,0.6954601382719997,0.9272095678460858,0.7369856294209806,0.8054448655353299,0.8218254220386503,0.566969692846399,0.78010876316334
PNPT1,0.4347958925683306,1.0,0.31198499199219976,0.4413067344960302,0.2645214491652288,0.5268875303596405,0.5127963184969833,0.42122142491184844,0.5972946592017347,0.7359399501074502,0.8510203090094777,0.6861728251713131,0.7363128979161275,0.6284565250867562,0.5115835565444113,0.7449628167988371,0.6660230894262815,0.702057844995716,0.39982555831811206,0.0929713595927586,0.7163653206557843,0.6680678049239774,0.7724524106919701,0.635969255835307,0.0,0.29705618643425025,0.6900257390298923,0.635597317848398,0.32970964134893155,0.7944422756253751,0.631103831530786,0.8261931573170265,0.6470721677461513,0.8760070575810146,0.3269468191395677,0.7135902450528286,0.8094957357351173,0.8619641106597613,0.7843960662706992,0.44005500252223984,0.23620363373183384,0.8207199907366522,0.7631887175037861
TRIM5,0.9467687290347326,0.8995819919079824,0.8526377498030131,0.7906379249588984,0.8979446821886725,0.9688319570746555,0.9980930791456126,0.8019981845257191,0.9122816680177241,0.8991365902780726,0.5880960989069102,0.31789112293775457,0.6240968216486869,0.8102998429628652,0.4664984644107846,0.7539495034964916,0.7748140897869056,0.7685534941054657,0.9838473815704016,0.7330047216586892,0.9489318701109002,0.5203925803778866,0.6170728039377544,0.5682596115773402,0.0,0.8502762687169656,0.8869354191521759,0.9445846427380469,0.6552568728920256,0.6556445307992089,0.9225809293771552,0.646187940257787,0.578600500734445,0.9931533599607945,0.810943606603526,0.630527154983133,0.9806554850403142,1.0,0.6786725433122907,0.6884687197614152,0.9447065366950642,0.6972584144519194,0.8659981235071579
CASP8,0.5738418181992446,0.638156612731918,0.15998235989842557,0.5347151306382831,0.671010879121523,0.0,0.10381650449775726,0.29163674967438435,0.39898771921823073,0.5750519057700787,0.6306585054875433,0.5688531955114211,0.5879859650196324,0.4808318265080693,0.3027580589728198,1.0,0.7045589066425935,0.5031776813262647,0.35374259955206533,0.3249059083019352,0.3396874397730807,0.2970082562501357,0.21030218769528553,0.5864264185712318,0.2421520544119553,0.27621008622822174,0.49633208313923616,0.655712065127648,0.5688531955114211,0.4787024249163583,0.41154647442568937,0.4250960098801997,0.49960335802635836,0.4496172199960595,0.35354378264878195,0.4562700523092311,0.5146013993912035,0.5325796633314646,0.5031776813262647,0.6365552416084186,0.4623598288912705,0.603596756281588,0.5871663840635408
TRIM21,0.9880841619517338,0.9850692548090738,0.826268341364019,0.7520019863296541,0.8465424397002772,0.8656998878810354,0.6028590110207368,0.5313276852978546,0.8193539807661561,0.6660038445088037,0.43894697667976557,0.19959169380283837,0.35554242356398924,0.7164299357941628,0.48866221077299854,0.567042921112193,0.5573372540241208,0.6091771949736062,0.7892103284694412,0.6497683941360264,0.25806805888338924,0.0,0.5189801381342003,0.4532734047948408,0.33186104949088646,0.5593047963696152,0.5715873866683503,0.7097282467712549,0.7496884305718645,0.6309828948750764,0.5477016401715329,0.4189662905027427,1.0000000000000002,0.8703428888661708,0.6387711924623098,0.4593722873896351,0.7841993284008009,0.9292848797763511,0.32441359639912215,0.8304909966497982,0.9005770836970333,0.32357574522467747,0.6855639872661146
IFI35,0.9866977110580157,0.986953299356714,0.8875945259054963,0.8509909292561615,0.924234038434329,0.7081942767662384,0.8300866439198604,0.8914619868276508,0.730701243535588,0.8219443400732418,0.7293624011161368,0.6233091407161806,0.630158625041624,0.5912936010178118,0.7649529372568775,0.81380842769463,0.7164997708819529,0.4449929428822763,0.9099378288443871,0.5168749025282784,0.22167083377930863,0.6981365282166261,0.24183969717514198,0.7763446718878118,0.0,0.7915299735408521,0.6966529108965478,0.5633255919697184,1.0,0.841254158392633,0.9264515407837202,0.878097381408866,0.7139243668063484,0.621280397957841,0.6214657061142275,0.7872356320871878,0.8530151278803488,0.7773645070223814,0.8466071252709626,0.7771297085104198,0.7416382788698759,0.4449929428822763,0.5947173751624633
SAMD9L,1.0,0.7932378838250543,0.6557962027394983,0.6907664422472027,0.6636237413421222,0.7532426963719845,0.7704839223288116,0.166675854826115,0.6733499042287625,0.1356918509234098,0.028578867635781376,0.6723729591414931,0.2054613539797461,0.5958606989526658,0.15383114255964053,0.7449560898670181,0.3617691437884597,0.028578867635781376,0.028578867635781376,0.07862819032615938,0.048359126258848965,0.007400738566260864,0.0,0.0,0.1356918509234098,0.6238123248973308,0.5225150972455195,0.5898613936457894,0.33410092660386737,0.4821809199028189,0.5963953290071593,0.5016165891942913,0.6717180378201117,0.39442890713569656,0.577763828504107,0.321102664183128,0.6535886058540108,0.28233621526785974,0.4449957672359873,0.014626081034203283,0.44868672354094913,0.23913803178016355,0.3708592079164673
LAP3,0.99510511082212,0.9002196584539899,0.4031730009306935,0.6794381797988809,0.3626572329717952,0.6065712221851944,0.5965854425873092,0.6454983896227118,0.5351065032374889,0.7153630028946241,0.47059048454995267,0.44518885587871715,0.7586237702100966,0.7446397500947999,0.6732130484641594,0.9525506095517224,0.0,0.8350797854336882,0.8050294676632843,0.6793628849830533,1.0,0.7636868749772967,0.7111708761824174,0.844362204325285,0.8307419732284709,0.41293683802543235,0.6562221246718138,0.574317881699197,0.33550751647809385,0.767260444331014,0.7244742620223112,0.6777781761118256,0.7581986298017984,0.8349327828302622,0.37568444700897174,0.665712929824573,0.4881224563595308,0.7804686646659338,0.6649311216576486,0.6518719135883213,0.6449211150921252,0.8203737671828701,0.42131303758105165
C1S,0.9908600617516086,0.26825881362252113,0.9476018250639522,0.442570136032412,0.19647209218916187,0.8361568139429826,0.648071432434503,0.8346811555659697,0.9126411758663883,0.5264535549666526,0.2852404810066206,0.6101247604003719,0.8022167001605455,0.0,0.19944667681296865,0.3103266149961206,1.0,0.31572672106919075,0.3121417387062726,0.37293985468420665,0.7998081126093852,0.796944871472344,0.2220102660254599,0.5332949639565736,0.2912892774701593,0.6736463896864885,0.23509965023247095,0.3795762722932505,0.537702823608614,0.143274512937437,0.9742361265043076,0.3227216604470039,0.5923859259671495,0.5246980804408883,0.6167987791749248,0.32613490997663097,0.45440166556021033,0.18732484184279405,0.1576651745614257,0.3328007145294092,0.7465963673743454,0.184198505741235,0.9290208086685411
CXCL10,1.0,0.02739258609813139,0.931325785466652,0.1255255063889287,0.02739258609813139,0.0,0.04635178505174208,0.10161198838124476,0.02078315452755277,0.0,0.04017128835357588,0.007093540967041168,0.402451116903416,0.10656938497137315,0.15161568824295743,0.02739258609813139,0.11143666689566234,0.0,0.0965615135518405,0.0,0.48167706477462996,0.0,0.02739258609813139,0.07536440913960286,0.0,0.4051316137823323,0.19345575125447323,0.06411902019247799,0.19693284914068174,0.0,0.2829077084990275,0.08616875767041449,0.04017128835357588,0.014018966360516052,0.26807622083502236,0.033853373594350165,0.014018966360516052,0.02078315452755277,0.0,0.06979880216502966,0.014018966360516052,0.08081980461367527,0.0
IFI44L,0.9945800855330361,0.043630959112019876,0.9999999999999999,0.6517727166909321,0.1316233153405922,0.634665107525979,0.3388759063051149,0.21855223787304162,0.58738787319707,0.16966796000989728,0.007696802524435902,0.21098424766292892,0.5332252794074355,0.06968958370973473,0.1105557974784226,0.08788287981793665,0.05035287130685108,0.007696802524435902,0.02974043262575811,0.081938142411771,0.03676205794191504,0.07587510667447193,0.007696802524435902,0.0,0.043630959112019876,0.9829116299937604,0.6871633472833715,0.43176197623471557,0.22952122142275588,0.14161538570948956,0.29287526238690087,0.33417125675648296,0.12127762328419422,0.555608175014507,0.44088849478589853,0.5936862542063485,0.015214408678833426,0.022560020927497145,0.15127446640859657,0.043630959112019876,0.23659232052686455,0.5068479622956172,0.0
CMTR1,0.6113179233948616,0.42916572181662804,0.3635707211538257,0.2098801867679505,0.1452488153827476,0.9208222994489086,0.6392911042183664,0.6398413617090233,0.7668757892273588,0.7050971039925171,0.5193327458018189,1.0,0.2668531916138308,0.2703163890090692,0.36099627256365086,0.6044544675311094,0.35023902797516193,0.4030991495110188,0.6431294804726235,0.4302936744192092,0.40959565399600706,0.5476993171305979,0.5599874756991685,0.6965722300398012,0.5643016345809277,0.554759206996513,0.64148828989976,0.5228530105589666,0.30195474135910594,0.49271733197920575,0.5994907968143117,0.6255110109566884,0.6290876555768019,0.5988916736688878,0.48165616908119446,0.44746169686185766,0.568790429811262,0.5666581113104012,0.4266185834966141,0.271465795773266,0.40842062430481985,0.39198294807077527,0.0
IL7,0.9127996635819112,0.07862696110083112,0.4805136205811743,0.41725013659388466,0.7479235782053071,0.5459235164364369,0.7214394939500248,0.9702903213675299,0.9073028267705262,0.0,0.05079745545088721,0.04110295442568968,0.5872193207063133,0.021035652980967556,0.3865646701341401,0.12127123499141426,0.30571824780357376,0.28499081783188923,0.12929741305757733,0.0,0.44873294775184963,0.7279921655870063,0.07862696110083112,0.010643956362519027,0.0,1.0,0.0,0.12929741305757733,0.2902830312813217,0.9514305409982767,0.2741743973483939,0.9199237849158016,0.0,0.05079745545088721,0.2018433693818159,0.32533288015182515,0.7418571682742867,0.5359302712293109,0.8491533041526095,0.9656117797829767,0.4351060691212048,0.3347548227317561,0.10473406833802565
PSME1,1.0,0.5778784871101896,0.36480576872941217,0.603165885245514,0.6260659318667212,0.6078440229574866,0.557871748956023,0.504904877566096,0.4707673540159574,0.679376632023458,0.46842338541532325,0.4269418148916424,0.7220012486844709,0.9275854075882757,0.6481365383652351,0.4774140336719386,0.3531909163101048,0.2551986312820551,0.747280589123072,0.6448693628758164,0.23772992368408907,0.7048994114310956,0.21989710485665448,0.0,0.2203424312933393,0.5626607818042775,0.5296344758907106,0.6231159376353839,0.9585363079902889,0.48109586353008016,0.22004559278808955,0.4717188101740888,0.4099657501047007,0.6116762480479307,0.5295080005635899,0.3153248764846781,0.49765271933790434,0.1942268077654301,0.11548090836142233,0.5434527240914759,0.47795403751727594,0.6441312852638328,0.19208163739571127
B2M,0.8960233106472586,0.5673353017875229,0.7264149148326657,0.9112464422967985,0.679508186712976,0.31548152511377303,0.7864194634880546,0.7213143447967543,0.5839663846792442,0.7047818827351637,0.22416926519410474,0.08878491113786069,0.7096532149058277,0.8496480181782671,0.21197492086056702,1.0,0.45984261576490404,0.06542880768183945,0.7437794310867067,0.401435704116202,0.05857470769388762,0.04472030817765127,0.01982500264407605,0.095345074319658,0.36205769180690783,0.7463482496774816,0.4028819677601678,0.771511390769227,0.4683837411031879,0.8391421790748019,0.36103199770596994,0.28651237373500305,0.6376343836778569,0.32422928952190677,0.23523807512219186,0.4284158693488038,0.279116525366665,0.4751703492111812,0.3541636846801044,0.2787988434359665,0.6249079545947822,0.04723284723819443,0.0
IFI30,0.8588297876680442,0.7237660839863835,0.5688046974157492,0.6623647114416498,0.41692369686014685,0.27039810446742263,0.0,0.8197951082622708,0.2975169771304089,0.04975171471154782,0.5805509164304907,0.6401217925906924,0.4434960481683541,0.55192758226613,0.7495324264039351,0.9401738779421529,0.7869277106629053,0.7249585633494742,0.5909768996853582,1.0,0.6298413667552736,0.5855523794824591,0.7618934411084379,0.6526709053528155,0.9978155980867593,0.6038293901832987,0.7897523772204398,0.5974616247726496,0.7609826447209245,0.4982100922403181,0.5635860875406515,0.5099839451241288,0.43067248885564857,0.7398563882567886,0.5695917340466012,0.6343154780814344,0.1828038510804173,0.6026910328114767,0.6431356528032266,0.6761754236406596,0.42689558912082903,0.5217851939952665,0.34923805272689545
TXNIP,0.8882926254693637,0.8210129892666522,0.7910112299828003,0.8413127157020006,0.9445726740789666,0.6618126913211035,0.8031794732039017,0.44112824619842256,0.7251146699961466,0.9110924690896696,0.7878827243425088,0.9452450987012111,1.0,0.8695484122886523,0.7821970694645715,0.9221890941447257,0.5683960075657344,0.022714899404687877,0.08846967638201617,0.8571185777426016,0.704139560627324,0.7535767948715446,0.8341034365009912,0.18198761428818522,0.8403881180986925,0.7980878539174718,0.24060172415397252,0.6135269480578367,0.7763047959862643,0.7836062556772507,0.7061408064829284,0.69774322238022,0.9141307156094736,0.8081090690587063,0.7192493232651576,0.6988399455284955,0.7798681305939428,0.28212576222594143,0.6618717764804773,0.7856828744627218,0.7528262482023937,0.8671649570397981,0.0
OASL,1.0,0.7486049110015499,0.8692438406259897,0.7482949136772601,0.9425182182808324,0.40138505077709064,0.09918351368380986,0.19736686440597073,0.1427187418276733,0.09036870630291274,0.6148850648660882,0.21389784616639965,0.1427187418276733,0.0948149309908204,0.3626857493552328,0.0,0.5623226889831493,0.5105625135624725,0.20578585942014865,0.00625865884212997,0.01237656238020874,0.041035964428843726,0.07653912296321373,0.029938913514758837,0.01237656238020874,0.8486726308220403,0.5393931693927582,0.7743327980485358,0.3562286024800161,0.5544432243114038,0.5105625135624725,0.09918351368380986,0.20578585942014865,0.3749562480541716,0.5501327504238847,0.7039713796216486,0.11994042425355586,0.6735249154063961,0.0948149309908204,0.07653912296321373,0.041035964428843726,0.23657450166791516,0.26972591146957386
WARS1,0.875571773678502,0.645580742547974,0.662664060451827,0.6238360589373007,0.7128813411498793,0.7908887391098749,0.9512186096779711,0.6863295553001829,0.790457686800957,0.6035322486053487,0.7173478306329799,0.6259647402610606,0.8337215629514607,0.49618471020877175,0.5880275127852048,0.8786026906762441,0.3461442206586569,0.7443842978123723,0.5657541478942929,0.5011327478887431,0.4674998378806996,0.3278751939417446,0.6029894471528561,0.7058410863066302,0.0,0.4373141289853426,0.6106197885929894,0.6023815509801738,0.8639997493686984,0.6892245129923489,0.8362458910549755,1.0,0.6070510172753276,0.7039188563806298,0.7495172254489595,0.7130314284859018,0.5849790929423913,0.5328101423691911,0.8519157487759039,0.4092786916041842,0.5779812272616196,0.608934947322894,0.6580063450656981
BATF2,0.7790434836567144,0.7850850510462971,0.5142626989627329,1.0,0.4855035996601805,0.8573774450488513,0.7924655518558019,0.6050271196063384,0.4779424665179607,0.07639887217354271,0.20689617684457556,0.30715083887017824,0.313048298049828,0.0662119294984093,0.28267435151387027,0.0,0.25666217289417026,0.3972143672165165,0.7518921191556444,0.1420268042593443,0.5565431167329201,0.8094481544099783,0.34673474781190405,0.6588563058234312,0.22893732546867046,0.870946457176718,0.3520839343297185,0.7953661404094572,0.6473768554812342,0.045149559644310805,0.7275245546045404,0.7713126081998655,0.6129054647943557,0.5715313056874981,0.0662119294984093,0.12421864344304673,0.8952027323580442,0.33581635326278714,0.6426687881738239,0.7633741162075718,0.8596859722885103,0.0662119294984093,0.3573620554022689
CMPK2,1.0,0.5869515364473615,0.8725248892189537,0.6046387456715162,0.6853075504066076,0.03606932184660164,0.29627329427739013,0.18272667182811528,0.029185629060884514,0.45696424834947963,0.5302183253154191,0.5693022199673515,0.022143562370607113,0.0,0.47491832517710864,0.014936609144871884,0.06831607400561143,0.3805434990537288,0.198548790278935,0.2687190860876818,0.17021457023266795,0.14332122324265084,0.022143562370607113,0.06831607400561143,0.41696188293480496,0.6144207771078369,0.6712043060024947,0.48495500434588845,0.36562483557907866,0.4044236975799154,0.3454536167760576,0.5267642784305332,0.7843711949360374,0.20236103246634363,0.198548790278935,0.19468070776928137,0.029185629060884514,0.17445008143939864,0.565124736355724,0.37133800015043983,0.5918514065176065,0.11354512231443782,0.06213841635163999
IL15,0.8302262287987028,0.6584121829465643,0.7190609244599183,0.9001027793108203,0.9129380863134744,0.9345900615653889,0.5661765745338766,0.8631069193591027,0.873871157467581,0.06825205764085482,0.1809174191426818,1.0,0.6802721620029742,0.0,0.6908639903328071,0.9903204059870822,0.6873907088002709,0.5763532049360969,0.13880871113665352,0.0759641040498236,0.32129135622895144,0.1190696393828759,0.009239476039901445,0.0759641040498236,0.009239476039901445,0.2283274352059563,0.7815878051902938,0.19748240340089127,0.6180375545142525,0.5994093161529566,0.4493238487549151,0.3952585430779088,0.15137448154562352,0.018259978252610363,0.50026201993794,0.3176172071334546,0.3589923920216372,0.561681354950059,0.3653601745711287,0.6873907088002709,0.5749253185889719,0.4760135800719473,0.9700789573358864
CXCL11,0.9112179830073129,0.058246240061526046,1.0,0.08605845991764109,0.09643791286132222,0.03381004059138943,0.0,0.03381004059138943,0.080716353629009,0.020756551669371858,0.027357523033849647,0.014001021800009738,0.07526794117149095,0.0,0.05233295098741541,0.0,0.007084461091120672,0.0,0.027357523033849647,0.007084461091120672,0.027357523033849647,0.0,0.0,0.12989293293395318,0.027357523033849647,0.27771556527356794,0.014001021800009738,0.0,0.027357523033849647,0.0,0.04011986829192942,0.12536483120171762,0.0,0.020756551669371858,0.4259784574838096,0.06403694654968146,0.0,0.027357523033849647,0.014001021800009738,0.06403694654968146,0.04629245382930765,0.1595528064898905,0.007084461091120672
IFITM2,0.9169027154419235,0.8324327424994465,0.7910004129736333,0.9066547445644676,0.7855263734388794,0.952219395177012,0.9342156602624129,0.997790227282577,0.9806748448987789,0.9577354049031698,0.30055136977246044,0.9065711928746464,0.9375303459698433,0.7717108800806036,0.0,0.16228389856589429,0.4405805234438319,0.8460686672201426,0.19711580404311876,0.8668616388218645,0.7003919669065646,0.8431485623891074,0.9248337752375856,0.8319090609009682,0.8845037734526117,0.6462742796474477,0.6412523219296333,0.9987043923962539,0.9681985299909918,0.73604467506272,0.7890769176685747,0.7988284698357281,0.8783145099525512,0.9910883897240635,0.15387862618192974,0.25885876072310554,0.9999999999999999,0.860163772607044,0.7612221297145948,0.2327577544609202,0.5323764878688353,0.6211900871620325,0.6559347761137911
IFIH1,0.9999999999999999,0.7673039710280649,0.8545765894956885,0.7999698497271515,0.7168972780448842,0.5231032546472233,0.6747888189558594,0.5528341542249703,0.5313882294995081,0.5306508142331405,0.739235991273599,0.524638563356383,0.658521029138647,0.7260247134644712,0.4718125209121265,0.9255596562392386,0.6344602084357472,0.6383582804860345,0.8388123320624045,0.5635557851452738,0.2393525904017141,0.5869177416619231,0.5957154776016359,0.0,0.027092953797210977,0.8274726493252793,0.8742688913498349,0.8375187324134296,0.7331910966657333,0.4676967887464025,0.6875066062284807,0.6021368497926548,0.6615243572067531,0.8629992963678663,0.6221423862243523,0.6097048641473771,0.6741835098978394,0.7266539887234355,0.34914218402603664,0.7907255907015752,0.32362649400996246,0.6544206445579817,0.27262708948963554
SP110,0.9986806402910817,0.7997488033448499,0.9259362062096399,0.666254604609487,0.6922557666666687,0.828966034370598,0.7183690133543998,0.2542924000793093,0.7786764517187366,0.4058582255460458,0.664264863798046,0.598819090533935,0.6206024129807726,1.0,0.0,0.6500819859276128,0.4556113150905904,0.5465491643581146,0.6413418642197519,0.8356096285901455,0.4909364851211806,0.5065499559220896,0.06365860039668281,0.3987885372855937,0.6817779699987243,0.59171670066207,0.7678460059305352,0.5212023906495931,0.6470020284195908,0.49645692174473455,0.742776861952726,0.5630862826729437,0.7425840392393157,0.7243928481675934,0.700550215499619,0.5566145588874059,0.7801058170487207,0.5006645819250541,0.6668196010164942,0.71395052135126,0.8000329874890166,0.5806162846040097,0.46337239441084865
IFI27,0.962153424043205,0.9871948234705115,0.9999999999999999,0.9264211381211848,0.6666763295680849,0.37412753246178965,0.8082282981400515,0.20218831465929482,0.8245712635932755,0.49254341715368327,0.4158617892837366,0.3126283317048504,0.698344285292723,0.0,0.45617993649522026,0.3703879458499025,0.34564779378142113,0.35688889358564885,0.41802004748436333,0.26331795809797326,0.33542051935384665,0.13601855595039547,0.2973990929385804,0.3137408726807374,0.21662079607260998,0.8977671551014434,0.641517133694906,0.8730351239016692,0.555890563826682,0.7458184104064359,0.4686152514089855,0.40332075498360376,0.3363796894061112,0.6615909326068915,0.9100895880791299,0.88438023191491,0.27359455298196383,0.3363796894061112,0.1719571318266445,0.22997857348919534,0.5001814583833921,0.35688889358564885,0.3617989383554496
OAS1,0.9487679583064935,0.8799877180310879,0.9015103664484596,0.7674936718651101,0.9999999999999999,0.27940171092254745,0.49645160118184656,0.6660655202615532,0.3470218446630994,0.423042181820251,0.858150984815204,0.6264899242333829,0.0055120300559023255,0.7638011094751894,0.6474243069716338,0.6625094409226955,0.7965450039715909,0.0,0.05959285042593396,0.7081792021786248,0.26182114150833397,0.37750168755045205,0.5840100786045881,0.0055120300559023255,0.7010859234098107,0.8724122925613017,0.8028325452530173,0.9062382181247991,0.7152760272651144,0.7901853566171488,0.6735018241893977,0.3001686968200044,0.43418654818484587,0.5425934706737823,0.6930817340696814,0.5527899670565211,0.6246050796232907,0.29085358582809157,0.6013099334662925,0.24854939762349448,0.441904932500136,0.44663282897754547,0.7570357501026149
OGFR,0.887158303374654,0.9999999999999998,0.4509423999716342,0.8333262093445566,0.7927041514953708,0.8241262888805536,0.623868814291016,0.7126886647170669,0.5767999452176873,0.808617055207989,0.737644586178259,0.8483771330374126,0.2327031569247413,0.0,0.5729914710758843,0.39895246076279034,0.7594332262327497,0.8830281526021764,0.8034137034894873,0.7278979315472356,0.6908815195203781,0.899583177957384,0.8016572596299378,0.41472271605564104,0.7766530658696593,0.787455610035497,0.7119989292214963,0.4824072772278989,0.742137456593176,0.7613777006914424,0.9383795595186861,0.6773376822622696,0.7770199435254967,0.8987065260348486,0.6485283975760427,0.5953438761342851,0.6195045875706133,0.7122290229714154,0.8632359735498956,0.6982120640609437,0.9019645198705961,0.5982174231458102,0.4323357808536341
IRF1,1.0,0.7400482004881437,0.6036914320006548,0.6524588794824409,0.7395209681690376,0.6079862793073629,0.556876000442817,0.8223164931772762,0.49804525030273017,0.720961398686097,0.4092233062055184,0.5284762905621836,0.4064553334457661,0.4851625667400079,0.6116654753942186,0.6370635727376399,0.46520764028389516,0.43956178716352223,0.8724062534773256,0.45049268274805154,0.386767397895573,0.19473167328587593,0.47152933378288897,0.07544231122182699,0.4040311036212214,0.5723461660480729,0.8218968470066348,0.6219755118586714,0.9100877290577931,0.501438230156309,0.303166820786986,0.28057681781230914,0.5690418498858916,0.5618992338499784,0.5197753202033524,0.0,0.7529735764165801,0.6273374536258709,0.21074107637078354,0.6519573351519177,0.7029833218255908,0.3800507469903094,0.26535044935105345
CCRL2,0.5847493323454778,0.612135995557613,0.13083577725047646,0.607391905084211,0.9102675174158099,1.0,0.0,0.612135995557613,0.24909396993579214,0.0,0.573937330438153,0.07509408440959804,0.0,0.5250525782615242,0.3821824503124218,0.6190724508533951,0.4464790744819427,0.02676042679262267,0.0,0.0,0.1109510458767634,0.0,0.035270742656888385,0.3821824503124218,0.018050846059075337,0.0898730620067217,0.3642724694328835,0.822405225954569,0.0,0.4225324851756752,0.1109510458767634,0.035270742656888385,0.441856485524934,0.2872555360240615,0.0,0.0,0.3763363299206359,0.0674703643480016,0.0,0.8138077495510297,0.6605316309012421,0.2750472416386699,0.043589664146215006
UBE2L6,1.0,0.8579916409179758,0.9277073172107462,0.8205002830207839,0.36262984026083717,0.9020293051437951,0.865804320333831,0.8494168542430252,0.6918200459871506,0.8110014303446553,0.7824659442933943,0.8696958930672132,0.8878561263781866,0.8963549555621728,0.536876616263863,0.8161831411256029,0.7643092986076285,0.6560799446120584,0.9356744565889055,0.8599162103289986,0.8705914149717668,0.6531602837918349,0.0,0.7817359860852242,0.4784143904301528,0.816546653799338,0.9507251648267461,0.5868311777300899,0.5629301659440658,0.6866894032128799,0.8017230022725337,0.7124963339644044,0.6855703498801475,0.8225849174967566,0.8607946690172841,0.6373419298579404,0.8402402662497097,0.5876869985712119,0.8377598917071536,0.7990814734578444,0.8659014043677797,0.433812511674113,0.578905894362902
TAP1,0.9800098612496927,0.7051911251078175,0.8416509212972604,0.7602913573391928,0.6228902608716057,0.7185775300414167,0.6899227002804019,0.7387089505503358,0.7144681508192506,0.9475597751883412,0.6035755323783184,0.3953920551456397,0.7670121686146979,0.7921681604473486,0.5116632839689322,0.9091474412548018,0.606772572690668,0.638439891134062,1.0,0.5521929802939066,0.0,0.516410027166177,0.41841562060051574,0.5639836898628517,0.4991840028936555,0.7839598354359595,0.8147128940347813,0.6876633249579477,0.7481748553891047,0.643355139880602,0.7330282663057107,0.6098219636247372,0.7608842613212211,0.7667274963389273,0.5042391075236278,0.6126398986409812,0.7651523568652027,0.8262739971209668,0.5570231574378471,0.8068887492261648,0.7383677999967121,0.37806067753497186,0.6289149276467506
PSMA3,0.772660516726253,0.4513470502972101,0.5519245680885323,0.6766836648245835,0.07842447519879236,0.6056515554002981,0.38270290251774597,0.5872605338560604,0.7353138361477622,0.6953674615423253,1.0,0.33623164735139177,0.7378257161649184,0.8197444705842596,0.5377916765531214,0.3100776949482267,0.8434686992483602,0.927961614745934,0.7047923033456787,0.015039526784153878,0.6587043635479155,0.4722189387090676,0.6850992113458965,0.9827788866041214,0.0,0.8623537880494077,0.9752263401290246,0.7366032507245652,0.30400621464968935,0.6533192023478538,0.254381467056918,0.6685847559595999,0.5859935811502996,0.5847241096567704,0.8909842116741569,0.7345065886983377,0.5025819076487377,0.4021476189507105,0.5806530154148177,0.6050562654169909,0.12131398690785566,0.9638244194194545,0.804015610129472
TRIM14,0.9467825254684061,0.7035812440321563,0.588541124948559,0.28693423700330856,0.6080030034965047,0.649028059381555,0.10768865369871783,0.0334722565610861,0.5614917519467169,0.7189123330871501,0.325546331776257,0.5444831540679591,0.5556237041617822,0.5517523382597502,0.5588641429110865,0.44008135254575387,0.35998924525248,0.6701720458081482,0.7373244619410373,0.9134189415698863,0.4878710567394926,0.537675966299646,0.6427773338263612,0.5294463931387916,0.6213149666986963,0.4523621532153108,0.6996704557237423,0.49998290047549143,0.0,0.8240691616120486,0.27400694478769627,0.4421585032452182,1.0000000000000002,0.8199961988917013,0.4882335303516123,0.7956097552205297,0.5223201402741575,0.15039492353969242,0.46577347859178553,0.3384982090589832,0.6430027418396682,0.5493470750567131,0.18984213829357444
IRF7,0.8869076946801778,0.9999999999999999,0.9292557196855508,0.8432863835328018,0.8302243685071793,0.722009783504556,0.7678458196578467,0.628114043988396,0.4473335915212312,0.7051914379748703,0.23268292326262643,0.7114573611523295,0.453107785137716,0.5271365194948098,0.619983420944464,0.5392400935028273,0.8238672065214497,0.5128153051832793,0.04536123482763599,0.6405139361315153,0.19066453093001837,0.0,0.635153873760097,0.3552072083014365,0.6622635287085598,0.035833710749830716,0.8692295774005735,0.7296778428018528,0.5751066983479081,0.6628803264088908,0.7738225611727435,0.5336017209196519,0.665021171700468,0.7350399805504046,0.8593366564708952,0.5099645626929824,0.5512024842634238,0.8066596241887279,0.5410831946588498,0.8226015150115206,0.6314847144480845,0.6863566083073274,0.2688906362924317
LAMP3,1.0,0.5125709409201283,0.9800012602142775,0.5231601294964933,0.08252359862632984,0.03238644088984012,0.2709984814466293,0.4078546295696357,0.04002507389800218,0.7302779989013889,0.5825912739201365,0.722522768388193,0.6271024287737745,0.0,0.48366298333145186,0.008386741741204554,0.3455610340343567,0.49858120452894494,0.1484096601273294,0.7355506104400893,0.23688856376346887,0.047494787497284065,0.13175232935101974,0.03238644088984012,0.5452583824934238,0.8428795285082703,0.6215514266180542,0.26740495046081436,0.8313409239975429,0.3077311602138197,0.1259977088208343,0.8385975715523106,0.36388329256673596,0.24088599225479645,0.6776590392035063,0.6740297355901239,0.43777710102122297,0.38333979769837456,0.10187790838172107,0.6948001110504429,0.02457206498136795,0.22872405074707444,0.11416533436007009
PARP14,1.0,0.8672126087026544,0.8137718144882069,0.776054942458513,0.8418017607645514,0.713654738387511,0.6558946048012756,0.8077122961556387,0.7056678586007261,0.8011160538518871,0.7861097764982913,0.7703824720874296,0.75835311236113,0.6933756153648641,0.807567813725093,0.360513711090248,0.6214596686153394,0.642976337754012,0.8182957592721412,0.5146210419046435,0.5348634006132819,0.49296991402410406,0.5216268434411481,0.5763784930620195,0.0,0.8045685801256166,0.8548757527143482,0.7387988335507284,0.9317051826365017,0.8488541794363964,0.652821288651008,0.631954281702254,0.6890922896564794,0.6332181763372108,0.7576103749463935,0.7053575093357429,0.6686018947604447,0.7728707888043365,0.6450897380566547,0.6000093664823141,0.44478081193246743,0.5402459661729272,0.6523771406554377
IL4R,0.8899683338323179,0.9281032706966734,0.8091032335880024,0.8750625272447627,0.837593810965163,0.720390600274049,0.198950966625409,0.4050362840009356,0.6027410315668611,0.6165681946867043,0.765480446311098,0.7202504798645268,0.8204170681986767,0.36945390989052274,0.6081391604786424,0.6283425181295827,0.4013624516851053,0.66568603434406,0.0,0.9459806474438044,0.683002229821964,0.6492449877035413,0.5693806895322606,0.42317869471748804,1.0,0.8025373128883861,0.6992056320207727,0.7634379542629532,0.7507393208060773,0.8018780861388066,0.038076922998617535,0.4936950002174425,0.6609530328472655,0.6447417537042011,0.8626379955690986,0.5782372528561914,0.45483593749591145,0.7609137290300756,0.3676678034188303,0.8061707490812517,0.7766851169732647,0.24412932300189105,0.5105869949064901
RNF31,0.7774124927326915,0.9680521184489437,0.6836204696038313,0.45738138956377394,0.5597249187836444,0.9632206844965583,0.640482673616122,0.4339700637660946,0.7191194428714902,0.5015371962940778,0.7809908105474608,0.8659527739951804,0.0,0.2676447936044912,0.6312729435650817,0.6899413079845744,0.7390461222068319,0.7936471548676969,1.0000000000000004,0.2735671556400501,0.832357372936531,0.9297305070539301,0.436142817881362,0.5965403883531981,0.4147479043051936,0.8827776218514951,0.6629949332903,0.8003596973996712,0.751367551131549,0.655839898587105,0.7488909850080758,0.7681601913230636,0.9900952583876328,0.8595514996588274,0.8181211170299361,0.6668738062632698,0.46529572260502805,0.41812614483653565,0.6270954023762649,0.41096841298919484,0.7469769310829402,0.7757931457363996,0.011007697824047646
PARP12,1.0000000000000002,0.9766835462095992,0.9417497027651086,0.8218160519053889,0.8655033340618677,0.8536871342913247,0.7524009282874274,0.8595473006879394,0.8457235017361012,0.9054254478106752,0.7971234327592,0.8170034261806769,0.8209736946067067,0.7460634585950019,0.8132427532957587,0.7632907985108556,0.8533621283860028,0.8356182521974853,0.6931326493995668,0.08294237595154441,0.7584624018117165,0.6741285519564297,0.6641496541948649,0.006288444062508933,0.1436456700049463,0.7417372662553534,0.8901051512866025,0.864617507002328,0.7586317462983873,0.8129055617221659,0.8422087797123577,0.8208680053145548,0.7464334344635238,0.7880463414324501,0.80357172173942,0.7980102411614328,0.8256406085486431,0.8544152259718865,0.7581230884993094,0.8373917800921996,0.0,0.8360874319260363,0.6952504813288141
UBA7,0.8552951267523986,0.7716879669208375,0.6550151063871363,0.7557339748792198,0.832820509967942,0.9150020059638189,0.7455278886412944,0.6832687666953646,0.668763215993671,0.517172775580032,0.25921867083628547,0.5969974874045312,0.6146116800584998,0.7903149914011275,0.7179812992223986,0.3667998676807177,0.5957738054112193,0.2438611694666634,0.26168179001306296,0.8914219571725014,0.44425839686626933,0.5640518043693109,0.23578534844725754,0.2641187204637636,0.31391331359181385,0.6277326156224416,0.7508687539953768,0.39223454349698983,0.8403820090283199,0.8277331401609573,0.778717658186283,0.6682685490411578,1.0000000000000002,0.6645006347054345,0.6480268313683545,0.25421186378145666,0.3462223093865021,0.4848593713255913,0.468817251330438,0.5838530246905176,0.4731809516811283,0.12722113440797128,0.0
ADAR,0.7866099195124852,0.7210469993909188,0.2570242789488342,0.27532392312988296,0.3196475084698527,0.0,0.2985712522998849,0.5533991123224951,0.419272093591041,0.7234906511461361,0.6456539513323367,0.7972068078892933,0.11013278093364853,0.8621148913988588,0.3158037930443349,1.0,0.45046725338397753,0.7083579177167234,0.6785989449687646,0.48509397624210493,0.5357391629060766,0.023849373695075116,0.1933495982303759,0.7208080124139427,0.39358228141806695,0.38117406200201653,0.5985829124497277,0.6304668287148774,0.45037109708589806,0.4834605261378888,0.3923105914157228,0.6183165120726226,0.7089688254633195,0.7746114176984449,0.21374619387797367,0.5142544239399731,0.29471613259202734,0.4345823716117714,0.542589560506185,0.2244685395438415,0.3264342575002894,0.5407817291627959,0.22892828026734247
NUB1,0.8671736103474936,0.7703407520365939,0.15048365418149512,0.5243222049108267,0.8576306694398115,0.6526679652186544,0.6892589491178729,0.36667936301306625,0.4430482839645924,0.7918815186377355,0.657342909022443,0.6653866886290656,0.49000004507650274,0.9189512234584285,0.3591659559708731,0.04611521582537037,0.6154820905814304,0.5170062298538491,0.35106704323698956,0.6118544338438552,0.5843191777925609,0.12483606475385756,0.7669552659973924,0.5905861091523636,0.8380304615604004,0.10324414379004043,0.5081595166019381,0.6472706886652162,0.30969702388004716,0.771814412704094,0.9999999999999991,0.684626535445517,0.4558271301651837,0.6089333273503703,0.0,0.663945800690203,0.6074663845029598,0.4066607645388203,0.7285127548884232,0.6176461652146212,0.5693350325622815,0.5090510230355312,0.5683836867063095
GBP4,0.9999999999999999,0.20905891607514326,0.7766175826575245,0.4045524865051968,0.4674028088433807,0.13806777150448638,0.4463677951361799,0.3053530409611147,0.06806712501104309,0.17381437201070496,0.05562653606997936,0.029079274398145043,0.15202514063682873,0.11313135521131074,0.014882178999653488,0.0075303231135648244,0.035937882481281325,0.0,0.08000494459973899,0.0075303231135648244,0.0075303231135648244,0.014882178999653488,0.0,0.08000494459973899,0.0,0.3399509261600157,0.19782526331354408,0.022062869537060048,0.3356265377847709,0.578506977008223,0.3126961260979771,0.04920587897523821,0.4743244743801464,0.061911979213675375,0.38622673130604335,0.07409663744589619,0.08000494459973899,0.43148561977367667,0.0075303231135648244,0.3174669242512868,0.061911979213675375,0.014882178999653488,0.0075303231135648244
RIPK2,0.5520781822761749,0.6366487039350424,0.06831592100060413,0.6178055861753093,0.3713827524841449,0.8024310857254116,0.4224705155652595,0.7475746541734796,0.7214262164603324,0.3487166707688827,0.6489662379374064,0.16383732877211132,0.40476603108150444,0.3318753420097469,0.6375710988640173,0.31183822993792276,0.6128641378910693,0.786133929876399,0.486336623719442,0.7556777636464149,0.4175022607569092,0.21459780448010424,0.44133316186501137,0.4505570060609081,0.44860103722395284,0.4645717007627148,0.6599595220795149,0.399916063810275,0.7890448032259569,0.7713618665810658,0.23448682403168997,0.6852928190904923,0.17080943949585814,0.0,0.14216141259924964,0.6408694286134522,0.5062382081502084,0.6338651434637259,0.3530224067640164,1.0,0.7530433828693672,0.45635934674176193,0.7639283912675974
ISG15,1.0,0.835165830697471,0.9426884691558595,0.7213847016962309,0.7447688905047405,0.659999793528294,0.3121174192059901,0.40774328948164573,0.514936567683062,0.6502424193065823,0.5697706013422335,0.1254333761788271,0.32326368705779984,0.07781715975806192,0.34401565083443475,0.0,0.5442783473273731,0.7298036214142436,0.8343233057885708,0.6973550560123214,0.6403889312041504,0.4277468802820106,0.708131444303445,0.7591278256604952,0.6327813265746591,0.7159578267682802,0.740555655124683,0.8401381348550967,0.6147534858524135,0.5268180583444584,0.6017423772725032,0.23569634747977286,0.383176730838765,0.8176434934197327,0.5328061830472679,0.6132122287905759,0.3148185499675915,0.6400942643741176,0.30799700744330916,0.6201638036358903,0.5194124079409943,0.6566601271281056,0.1226888439961955
GBP2,0.9999999999999999,0.5905196651928664,0.7773062519188078,0.6195688284177392,0.9105813512698007,0.6809182793461246,0.844539117056818,0.8497229904791896,0.7133621353079125,0.1933780759152807,0.603479146558884,0.4148071520606716,0.6088656153643183,0.007361038576824849,0.11058811918160918,0.021566887811918952,0.7342185986761939,0.021566887811918952,0.07243091676501023,0.07243091676501023,0.5839110420516993,0.5544761454195793,0.20075097254098156,0.0,0.035129985171230914,0.5361058458949934,0.8041810301506771,0.4298520655391119,0.36886979746713006,0.9144147497703691,0.7152472686603403,0.7392085209660919,0.3465000620984215,0.2347011767758669,0.6651470188866334,0.11058811918160918,0.22826971183085526,0.15300594184759408,0.7540139390807824,0.1395887748777116,0.6401793884619593,0.392313061087853,0.43116534528530864
HLA-C,0.9783653181135143,0.956267485480478,1.0,0.8292970339621522,0.5692258367846561,0.8703367287145438,0.9078765403479676,0.8026064251646927,0.8056983075195201,0.8066637135710746,0.6010975860302139,0.3440899721689272,0.6373808410696835,0.6649246502672472,0.6077135295328948,0.9432594578889706,0.7779787921034056,0.7583609653317409,0.8799959804282911,0.44118316832326876,0.0,0.6722994195926377,0.726058110015241,0.267993237998825,0.23728461594975947,0.5223133619679152,0.8760848667411585,0.575625577491254,0.8167784708046799,0.6833820916522928,0.9523052138482297,0.7434160320466896,0.724866067946778,0.6868662912777572,0.5744249566698509,0.7893330861450281,0.7530676744394573,0.6567940584600422,0.6626522003028752,0.7682667086598323,0.8928581969234943,0.5534065381123332,0.37458360254639533
RTP4,0.9999999999999999,0.6414763467624874,0.8381463892297313,0.5176999103215626,0.8610195835599834,0.30575358875040987,0.6642548358145641,0.3349265708371694,0.25416730146270833,0.04341527363817162,0.0,0.0365871630811944,0.2784254546234142,0.7806563006924181,0.20526629603995614,0.45575610642980896,0.2013993221276404,0.0,0.022461473800299198,0.09312721465129044,0.022461473800299198,0.0296046422668863,0.0,0.015151051549780551,0.04341527363817162,0.585658323812509,0.5298532083593145,0.25096465750990876,0.6539348883092516,0.33945734371725017,0.6766632939641359,0.5575653579708917,0.7146626846947772,0.06303052722569581,0.6045830992783565,0.015151051549780551,0.16829381885081332,0.3303066006925687,0.3183455276298881,0.05009486909971017,0.06929687647969314,0.015151051549780551,0.0
RSAD2,1.0,0.3267034710066822,0.7721258263059718,0.5285512869209638,0.6312844931428695,0.020815133756566507,0.2633131334872937,0.07548037304181825,0.007104455863083663,0.0699062022171421,0.0699062022171421,0.18300149290430207,0.007104455863083663,0.0,0.2833430211647659,0.020815133756566507,0.052480652472071065,0.033905464088390715,0.07548037304181825,0.027434735319653524,0.027434735319653524,0.007104455863083663,0.0,0.04642310696523698,0.16398453501885416,0.6663887892253658,0.5364372809466595,0.44207393718488747,0.3708434321750434,0.0699062022171421,0.25532394888022114,0.1391117649541413,0.4806468675078067,0.10176833967251178,0.19375342337951995,0.08630134632204185,0.007104455863083663,0.033905464088390715,0.09671009363152444,0.014040537471638017,0.18663752280194623,0.04642310696523698,0.007104455863083663
PARP9,1.0,0.8351666750829874,0.8352213443187684,0.6722966790371401,0.5484186275228475,0.5491752963242789,0.6666030148378936,0.6397345626241708,0.6061428783289542,0.6470407502744058,0.6232046215938183,0.5665699139101776,0.5048961182731475,0.7144319994325083,0.500216617807115,0.3718656331696695,0.34544460754139816,0.4073207053215515,0.7519398332902685,0.2872280345103706,0.4192698892352247,0.06681623895783784,0.3104438955906228,0.0,0.16492504708122568,0.842387503840581,0.7564153065075307,0.6051834258682705,0.7365437905245853,0.6848711627065478,0.6216153820575101,0.4049528924610388,0.3374458008971839,0.29470567079638244,0.6602991934592986,0.5885594741206865,0.4049528924610388,0.4776797256474108,0.44190924279063437,0.2894936220435025,0.3595770516373826,0.23645110306077055,0.32528411252274725
GMPR,0.5758110091648153,0.8486531663022674,0.8069664731349907,0.48614653565502935,0.1265992551918635,0.9416836889838317,0.5942071293288188,0.979027892576847,0.27313639591982514,0.7038452821668923,0.19479853242806858,0.37248182813502756,0.7947096831013153,0.05497024328322228,0.9787372735970792,0.08945189232808505,0.1436932091106428,1.0,0.07608013746595164,0.024628780974608896,0.25056837977290397,0.01660957408742743,0.5648605452461137,0.04763192991422768,0.10230684093138896,0.0,0.460956323718996,0.6056331886454278,0.2426395681148027,0.7430881445438451,0.07608013746595164,0.7647494874334541,0.4163892787321413,0.5509441584944639,0.21749236614197887,0.444466603946905,0.8727868730816143,0.4730445603162949,0.07608013746595164,0.31353245589809164,0.7338099083646062,0.23859353745213616,0.28028257860367883
CD74,0.8975817594196194,0.41903163123661946,0.14317335778901064,0.7694135056508717,0.2158463105504581,0.4263532522222052,1.0,0.26807658450818006,0.28646765837638294,0.6667054676236527,0.13093947817613963,0.2417125286245813,0.0,0.9431693987789429,0.349019176845988,0.9329028646813267,0.16375454162293995,0.04583386544284371,0.18068598624387516,0.9563495763533596,0.5711968799864215,0.7501632114058989,0.08890985666120244,0.7108534229021302,0.9625583612660926,0.5077792463482979,0.4266762725488892,0.35682801348273957,0.3702774242716993,0.47793611736082475,0.8651089858206309,0.7768942958383561,0.7640766229352174,0.16551887693356115,0.07550783390238777,0.18860054403695092,0.8253680143730022,0.45120879664300495,0.9437893282360237,0.5177381330378873,0.28990371119401004,0.29159397716863195,0.007692772976754608
TRIM26,0.8478102733541713,0.876195334740721,0.5786671970402675,0.39600278280744106,0.7380694536000272,0.6921606602653756,0.6265398364498784,0.7039560315521216,0.7313793462619134,0.5031899353877964,0.7926425486210555,0.6893836665440034,0.4985706448950833,0.7313793462619134,0.7201111480263838,0.933116479504859,0.6810697833381294,0.7291342809365764,0.6786064813441239,0.7520193901452759,0.7091410844390018,0.7543688759755658,0.739366546123426,0.6965770875941497,0.660352135836993,0.7894414633549527,1.0,0.8070218387806238,0.6958468756202345,0.6846067825196558,0.7374615558592219,0.7740140246297624,0.0,0.8608163257037122,0.6835072497863481,0.8626157836570627,0.6673061044372421,0.7433825943310093,0.5141744851773531,0.6272399076847324,0.602535087766602,0.6981340600771966,0.5940328075757411
PSMB9,1.0000000000000002,0.808578608212076,0.889661433118357,0.8437318403708431,0.7626526667398368,0.7700497577739067,0.7878216232912019,0.7965933352346046,0.7512705266107325,0.9825432281964803,0.3220911766931952,0.3196791776850898,0.8113236727999718,0.915083009597369,0.5385894511873817,0.9452847955310724,0.6010073832015921,0.34534892400366046,0.977757786923279,0.8545878078798301,0.0,0.24014027438585628,0.1403006061570533,0.5448307633287262,0.7726548285845558,0.711703617317536,0.8365957868313327,0.3852472086190324,0.7214470708951701,0.697731828292592,0.7015757591264498,0.6634369533395696,0.8778373119948206,0.543899719067507,0.485362923067697,0.5122021820790392,0.8719760230985729,0.7807810160487161,0.6624658986392764,0.7907657137212383,0.7908358329428058,0.15182951871947914,0.5526329276865687
TENT5A,0.6940429790246768,0.5133429733034754,0.606018013146242,0.4773572536074539,0.5963082617089502,0.7410764033893626,0.8361919564279917,0.745723824354637,0.5695762746856452,0.22256809165576527,0.6598983912468338,0.6268358017892911,0.3155268840988443,0.09552665295959457,0.7178441250764849,0.15442474765395223,0.541176244601326,0.7017019184196241,0.4678185274756835,0.0,0.7296548233665385,0.5176319679154445,0.5467961731428688,0.043441947932734204,0.0,0.5560418485133155,0.5674039726195715,0.8674211429142735,0.5188365378103053,0.4315758860592036,0.774897545981037,0.7699144393025144,1.0,0.15442474765395223,0.46029710736880053,0.4686341998601365,0.5759082029625491,0.16181389021671458,0.6203394842277556,0.013114014439581807,0.3539535540350483,0.46114927278910994,0.2880527346669316
SLC25A28,0.9442069094585452,0.6544811981610392,0.6650146097538903,0.5857810488264832,0.6544811981610392,0.5938490818639073,0.5296216193580081,0.594990596999124,0.6401948078911373,0.7379337934285708,0.604472746936743,0.7655763001167184,0.3352508657645705,0.6518607921230029,0.7175296875674562,0.9528074852308173,0.5319665426793314,0.8616518580546133,0.2886438142078691,0.0,0.24166582089322608,0.0042338635565215554,0.30762498840938424,0.5120722017134769,0.45013410142659627,0.7424385462208134,0.644937165790183,0.7960590313216382,0.6632426217105944,0.5008447432670726,0.07678741420725776,0.5483229368354641,0.5663284145785177,1.0,0.6022321836443583,0.8125443226699121,0.46195893047960723,0.8011857668958404,0.2570476570519973,0.34703182247406517,0.4947128122599791,0.005638296721322877,0.3394619016728102
LPAR6,0.8574576696310002,0.6923550915249131,0.7513326233955068,0.6813053516363694,0.7226959969914596,0.6818474413031649,0.7416893265091257,0.6973828749818709,0.10631698393685138,0.09399476533845612,0.7951882035041962,0.06782815898243073,0.49743500818962727,0.0,0.04671987070727109,0.04671987070727109,0.3554482186782072,0.0,0.031858029286446064,0.03937203167127686,0.9221444054524153,0.9659361496525506,0.08765005045248192,0.06094209198472969,0.031858029286446064,1.0,0.0,0.7170411659879485,0.01630428902474049,0.7366480529377955,0.01630428902474049,0.8418916077846972,0.6763509849337913,0.031858029286446064,0.34520338324775696,0.8134709806850902,0.2964897509009345,0.45514125634084,0.8110247119424667,0.04671987070727109,0.27006708396393964,0.03937203167127686,0.4648963057855077
IRF2,0.7234301047995066,0.6516087591697117,0.6884629883885884,0.6577551237970536,0.5432572155946767,0.49148774270941575,0.5847252678715271,0.4685836392324696,0.6530665531986639,0.4457225211299527,0.6430837569697203,0.5398463676707339,0.5921659418230172,0.8621176702495397,0.44252711005270773,0.9999999999999998,0.2908391411074378,0.0,0.4908729162641452,0.7279520889136515,0.2709180170083365,0.4734903405905204,0.09114333774971817,0.205092120306668,0.08642473230129566,0.6175782060266466,0.5522596566206948,0.3721246184044149,0.5011685119475191,0.484345544414025,0.5377288050688007,0.6447711518551349,0.48653601784893374,0.3384567007922994,0.5587828613008858,0.5280193647922788,0.4760773372757978,0.34469575114810325,0.5974655253241272,0.5828938661803169,0.4481866661776681,0.49877552060102803,0.36725598887021227
BST2,0.9749513131657596,0.9240155666253419,0.9319324471388309,0.9115199539990751,0.7903644894442625,0.4334294819963481,0.9626104202577882,0.6621440544199011,0.34463245739443826,0.8933974750910493,0.7573699034737245,0.9284157256416413,0.9322463294593336,0.8590584679193818,0.4911224331600983,0.9703816737078986,0.2619226260481007,0.1734719457758717,0.1755868102565665,0.8766332537819376,0.10401322976405464,0.8178856246423342,0.294611966597933,0.976003908183725,0.8807580723646923,0.7138189764516532,0.8082479650456293,0.9523004115142221,0.9750321829008414,0.7459670822728689,0.7435025212337671,0.5378723385987029,0.9174799167725324,0.7972700111330977,0.9341489694209132,0.9999999999999999,0.801267228035495,0.55392520139934,0.35477703313745257,0.8906546968593189,0.4820026522731703,0.021370871789318485,0.0
TRIM25,0.828980808027008,0.9999999999999996,0.5147415772163764,0.49717648305111073,0.9258860187852451,0.5688110941470055,0.15424078710062394,0.7603952387545267,0.6290861659062292,0.6994036562458388,0.9282090564867072,0.678437190161111,0.6599113250275028,0.5099939970505996,0.5165917712414285,0.8289061649407476,0.503635093494653,0.9829899993364877,0.5701368968026652,0.7204807196777825,0.0,0.5859963750567583,0.60906231448871,0.2615468734853885,0.5436980837000931,0.6026076512476295,0.5921679966205118,0.5368891651546543,0.739496642358771,0.8051555182343786,0.5053634294171991,0.5414937363180279,0.782733622718784,0.7936634756972958,0.4580954098717207,0.6707688138197985,0.7264344583598787,0.6722466635166429,0.7084916021891967,0.4826748926967359,0.6700848167206415,0.6015215763883752,0.38093008176419474
PSME2,1.0,0.5168433809398127,0.587330325830786,0.46942100173062506,0.2974596453077254,0.47259625123100335,0.33535473998721166,0.4261174132051746,0.3358384210450591,0.513981831800832,0.5573613435277078,0.0729753304437395,0.2718278890265058,0.815970042593479,0.4753504341398713,0.5590326550339348,0.3296164246215252,0.13187510677780878,0.9990936029984017,0.365303435815834,0.35107393110890683,0.649713638406844,0.05940893848433326,0.231680083613778,0.03503801451939381,0.4723682342935209,0.47459375413174243,0.6377687409302979,0.8182559677643155,0.47010838277648936,0.0,0.3939664428952838,0.46458556034487586,0.5844207102214032,0.5450065943999203,0.20470714871358808,0.34434886164519085,0.41103328651451854,0.16585901247436752,0.32605403169926994,0.514592909955967,0.7289914875018688,0.20776567910166044
NCOA7,0.9999999999999998,0.053240755543205176,0.619500895684542,0.38509165032350123,0.687257405338144,0.5279251668885465,0.5650899520910719,0.7077610504494762,0.36252000151333474,0.4325217497529331,0.710878470422641,0.5965367106886534,0.541174334369867,0.6185688008949786,0.6500813876419131,0.5448837651023721,0.6785463308739395,0.37250223985392994,0.4226941008781454,0.6587816519693768,0.7572720663555947,0.5448837651023721,0.36252000151333474,0.31937217703503795,0.657426541716049,0.7799200178842205,0.8276122163487036,0.643261692370138,0.6683612275461019,0.6078093509270228,0.5896810047578669,0.5627964866664172,0.565739465988448,0.26146182961376274,0.580608420581068,0.5335048680932832,0.11686570672941943,0.4668439923722536,0.5864271136718355,0.7248270324844208,0.0,0.5262973196131417,0.8600673250100503
CASP1,1.0,0.39663952475700553,0.8731808351864396,0.43745455714128356,0.042984509787813596,0.8504025438190499,0.5982252151083062,0.6456991873384664,0.7188688265544084,0.23890633700659458,0.06472819313196267,0.6616425197973514,0.8626411422525725,0.8540136035021131,0.38295769582449857,0.635360222809555,0.241371950600901,0.0,0.03139405886941487,0.7727754527580305,0.16256211847633287,0.4651722253402938,0.0,0.025402622227693513,0.059461025027880816,0.7200114984150849,0.81972364023318,0.1481515582977339,0.7098335708767793,0.5008061730038772,0.3876369449722615,0.24860153552878136,0.9122281817969253,0.24621899574000342,0.7969377895624424,0.7322032620406558,0.45772524956145516,0.27938014259041843,0.19809396252538836,0.16256211847633287,0.5491866978679217,0.03139405886941487,0.059461025027880816
IFITM1,0.9649844659329925,0.3979180827451738,0.9344723926494427,0.7681073104928919,0.8128656278422071,0.7706432562797003,0.7529851086896127,0.792908486510598,0.7743304376313771,0.877669655770873,0.7729220559748387,0.895525267242858,0.9196903385396424,0.7817302508873403,,0.0029809568077838466,0.1790022254762636,,0.028261829836122687,,0.10074548845003672,0.2651589297101984,0.0,0.838978557934585,0.09684284518550207,0.9413496254332314,0.8269753939320701,0.9840895661729792,1.0,0.8434158981664852,0.5902433026012666,0.3481371996774858,0.5058623097362668,0.8485866083062492,0.816925666963604,0.735173294491133,0.15506955673117723,0.7144281367269882,0.4826973419603896,0.4111081018835675,0.23899941361830557,0.23704932113794852,0.14590076929956264
IFITM3,0.9789445406970059,0.8712628529239097,0.9456165553181948,0.8713596583476473,0.8119153044287715,0.9561702072793388,0.9448208449803395,0.9561576198414796,0.9518306282079174,0.9191284897533629,0.8264920710687211,0.3972100706770059,0.9456313509737768,0.3416299829702237,,0.0,0.8684950127737567,,0.13268929100304477,,0.779339914135055,0.8381510776563128,0.6808131622429603,0.8521170346471381,0.2945141697289993,0.9579515465297048,0.8986118329245039,1.0,0.9839078902774587,0.8492244325512801,0.8953368944767393,0.8502398421531607,0.7572047330057301,0.8838148544337063,0.8898762241585303,0.8443974413455853,0.9496829375225089,0.9152218918043808,0.8769226119290352,0.8631974207914246,0.7471193707976833,0.5100552637251723,0.34288989492918226
