,source,name,p_value,intersection_size
0,GO:CC,cytoplasm,1.52E-107,3004
1,GO:MF,protein binding,3.44E-81,3581
2,GO:CC,cytosol,1.64E-39,1398
3,GO:BP,anatomical structure development,1.16E-36,1487
4,GO:BP,positive regulation of biological process,4.44E-36,1539
5,GO:BP,protein metabolic process,6.16E-35,1213
6,GO:BP,developmental process,1.93E-34,1590
7,GO:BP,positive regulation of cellular process,2.80E-34,1460
8,GO:BP,multicellular organism development,1.18E-32,1204
9,GO:CC,endomembrane system,5.97E-31,1220
10,GO:BP,macromolecule modification,7.35E-29,821
11,GO:BP,system development,1.05E-27,1038
12,GO:BP,multicellular organismal process,2.92E-25,1696
13,GO:BP,protein modification process,2.96E-25,765
14,MIRNA,hsa-mir-579,4.70E-25,685
15,GO:BP,regulation of multicellular organismal process,5.75E-25,788
16,GO:MF,catalytic activity,2.05E-23,1695
17,GO:BP,anatomical structure morphogenesis,2.77E-23,727
18,TF,Factor: E2F; motif: GGCGSG,5.93E-23,3181
19,GO:BP,localization,1.28E-22,1325
20,GO:BP,cellular developmental process,4.74E-22,1091
21,GO:BP,cell differentiation,6.66E-22,1090
22,GO:CC,organelle membrane,1.43E-21,956
23,GO:BP,response to stimulus,1.54E-21,2002
24,GO:BP,cellular response to stimulus,2.82E-21,1683
25,HPA,Kidney,3.24E-21,2172
26,GO:BP,animal organ development,8.15E-21,797
27,GO:BP,positive regulation of metabolic process,8.17E-21,907
28,TF,Factor: ETF; motif: GVGGMGG,1.07E-20,2585
29,GO:BP,biological regulation,1.36E-20,2701
30,MIRNA,hsa-mir-3613-3p,1.67E-20,937
31,HPA,Gallbladder,2.83E-20,2042
32,HPA,Gallbladder; glandular cells[≥Low],2.83E-20,2042
33,TF,Factor: E2F-2; motif: GCGCGCGCGYW; match class: 1,3.17E-20,2990
34,TF,Factor: ZF5; motif: GSGCGCGR; match class: 1,4.34E-20,3354
35,TF,Factor: E2F-2; motif: GCGCGCGCGYW,4.67E-20,3183
36,TF,Factor: ZF5; motif: GGSGCGCGS; match class: 1,6.46E-20,3504
37,TF,Factor: TCF-1; motif: ACATCGRGRCGCTGW,7.93E-20,3485
38,TF,Factor: E2F-1; motif: WWTGGCGCCAAA,8.80E-20,3192
39,GO:BP,phosphorus metabolic process,1.03E-19,644
40,GO:BP,phosphate-containing compound metabolic process,1.22E-19,643
41,TF,Factor: E2F-1:Elk-1; motif: SGCGCSNNAMCGGAAGT; match class: 1,1.93E-19,2578
42,GO:CC,nucleoplasm,2.77E-19,1030
43,TF,Factor: E2F; motif: GGCGSG; match class: 1,3.01E-19,2531
44,GO:BP,transport,3.14E-19,1069
45,TF,Factor: E2F-2; motif: NWTTTGGCGCCAWWNN; match class: 1,3.58E-19,3208
46,GO:MF,binding,4.31E-19,3960
47,HPA,Stomach 1,5.07E-19,2037
48,HPA,Stomach 1; glandular cells[≥Low],5.07E-19,2037
49,GO:BP,intracellular signal transduction,5.62E-19,762
50,GO:BP,regulation of biological quality,5.90E-19,758
51,MIRNA,hsa-mir-3646,5.91E-19,659
52,GO:BP,regulation of cell communication,8.00E-19,873
53,GO:CC,vesicle,8.22E-19,981
54,MIRNA,hsa-mir-4666-3p,1.03E-18,531
55,GO:BP,regulation of response to stimulus,1.30E-18,979
56,GO:BP,regulation of cellular component organization,1.33E-18,644
57,TF,Factor: E2F-1; motif: WWTGGCGCCAAA; match class: 1,1.35E-18,2945
58,GO:BP,regulation of signaling,1.41E-18,870
59,TF,Factor: E2F-1:Elk-1; motif: SGCGCSNNAMCGGAAGT,1.46E-18,3410
60,TF,Factor: E2F-4; motif: SNGGGCGGGAANN; match class: 1,1.52E-18,3313
61,GO:BP,tissue development,1.93E-18,554
62,MIRNA,hsa-mir-607,2.19E-18,738
63,GO:CC,intracellular anatomical structure,2.44E-18,3604
64,TF,Factor: E2F-1; motif: NNNSSCGCSAANN,2.57E-18,2633
65,GO:BP,organelle organization,2.83E-18,893
66,GO:CC,membrane,4.45E-18,2153
67,TF,Factor: E2F-3:HES-7; motif: NNNSGCGCSNNNNNCRCGYGNN; match class: 1,4.92E-18,3517
68,GO:CC,cellular anatomical structure,7.15E-18,4165
69,GO:BP,signaling,7.41E-18,1490
70,GO:BP,establishment of localization,9.46E-18,1168
71,GO:BP,positive regulation of macromolecule metabolic process,9.93E-18,825
72,TF,Factor: TCF-1; motif: ACATCGRGRCGCTGW; match class: 1,1.17E-17,2704
73,TF,Factor: E2F-2; motif: NWTTTGGCGCCAWWNN,1.33E-17,3432
74,HPA,Stomach 2,1.89E-17,2017
75,HPA,Stomach 2; glandular cells[≥Low],1.89E-17,2017
76,GO:BP,cell communication,2.99E-17,1491
77,TF,Factor: E2F-2; motif: GCGCGCGCNCS; match class: 1,4.26E-17,3414
78,GO:BP,cell development,4.81E-17,733
79,TF,Factor: E2F-1:HES-7; motif: GGCRCGTGSYNNWNGGCGCSM; match class: 1,5.09E-17,3565
80,MIRNA,hsa-mir-1305,7.54E-17,610
81,GO:BP,nervous system development,7.70E-17,673
82,TF,Factor: E2F4; motif: YCCCGCCNCNNSSNNSNN; match class: 1,7.89E-17,3643
83,GO:BP,regulation of biological process,9.29E-17,2601
84,TF,Factor: Egr-1; motif: GCGCATGCG; match class: 1,1.15E-16,2519
85,MIRNA,hsa-mir-3163,1.37E-16,819
86,GO:BP,regulation of developmental process,1.88E-16,639
87,GO:BP,cellular localization,2.85E-16,896
88,TF,Factor: Egr-1; motif: GCGCATGCG,4.30E-16,2727
89,MIRNA,hsa-mir-548c-3p,4.76E-16,998
90,GO:CC,endoplasmic reticulum,6.23E-16,551
91,HPA,Colon,7.43E-16,2171
92,GO:BP,regulation of primary metabolic process,8.33E-16,1250
93,GO:BP,cell surface receptor signaling pathway,9.35E-16,714
94,TF,Factor: IRX-1; motif: NACRYNNNNNNNNRYGNN; match class: 1,1.21E-15,3683
95,GO:BP,response to cytokine,1.44E-15,291
96,TF,Factor: E2F-1; motif: TTTGGCGCCAAA,1.67E-15,2754
97,GO:BP,response to peptide,2.20E-15,294
98,HPA,Gallbladder; glandular cells[≥Medium],2.23E-15,1779
99,GO:BP,regulation of signal transduction,2.30E-15,758
100,HPA,Fallopian tube,2.31E-15,1975
101,HPA,Nasopharynx,2.50E-15,1914
102,HPA,Colon; glandular cells[≥Low],2.69E-15,1867
103,GO:BP,signal transduction,2.78E-15,1370
104,HPA,Rectum,3.64E-15,2087
105,MIRNA,hsa-mir-664,3.87E-15,457
106,GO:BP,regulation of cellular process,4.02E-15,2517
107,TF,Factor: ZF5; motif: GGSGCGCGS,4.15E-15,3738
108,GO:MF,nucleoside phosphate binding,5.10E-15,664
109,GO:MF,heterocyclic compound binding,5.72E-15,695
110,HPA,Rectum; glandular cells[≥Low],7.22E-15,1880
111,MIRNA,hsa-mir-548n,7.71E-15,592
112,HPA,Duodenum,7.76E-15,2069
113,TF,Factor: ZF5; motif: GSGCGCGR,8.09E-15,3712
114,MIRNA,hsa-mir-374b,8.50E-15,425
115,MIRNA,hsa-mir-374a,8.50E-15,425
116,MIRNA,hsa-mir-340,1.12E-14,537
117,HPA,Appendix,1.20E-14,2053
118,TF,Factor: E2F-4; motif: SNGGGCGGGAANN,1.40E-14,3734
119,TF,Factor: ETF; motif: GVGGMGG; match class: 1,1.65E-14,1788
120,MIRNA,hsa-mir-4282,1.70E-14,725
121,GO:MF,nucleotide binding,1.71E-14,657
122,GO:BP,response to stress,2.04E-14,945
123,MIRNA,hsa-mir-4760-3p,2.20E-14,450
124,GO:MF,small molecule binding,2.32E-14,1583
125,GO:BP,neurogenesis,2.64E-14,477
126,GO:CC,membrane-bounded organelle,2.89E-14,3202
127,MIRNA,hsa-mir-944,3.07E-14,475
128,TF,Factor: E2F-2; motif: GCGCGCGCNCS,3.16E-14,3746
129,GO:MF,ion binding,3.23E-14,1539
130,GO:BP,cell projection organization,3.42E-14,445
131,TF,Factor: TCF-1; motif: ACATCGRGRCGCTGW; match class: 1,3.89E-14,3121
132,TF,Factor: MAZ; motif: GGGMGGGGSSGGGGGGGGGGGG,4.08E-14,3737
133,MIRNA,hsa-mir-4799-5p,4.19E-14,445
134,GO:BP,macromolecule localization,4.39E-14,792
135,TF,Factor: ZF5; motif: NRNGNGCGCGCWN,4.52E-14,3509
136,MIRNA,hsa-mir-3662,5.24E-14,734
137,MIRNA,hsa-mir-203,5.44E-14,512
138,GO:MF,anion binding,5.49E-14,719
139,GO:BP,plasma membrane bounded cell projection organization,6.66E-14,434
140,MIRNA,hsa-mir-4789-3p,7.38E-14,552
141,TF,Factor: ZF5; motif: NRNGNGCGCGCWN; match class: 1,8.27E-14,2964
142,MIRNA,hsa-mir-548am,9.34E-14,598
143,MIRNA,hsa-mir-548ae,9.34E-14,598
144,MIRNA,hsa-mir-548x,9.34E-14,598
145,MIRNA,hsa-mir-548aj,9.34E-14,598
146,HPA,Adrenal gland; glandular cells[≥Low],9.76E-14,1953
147,GO:MF,purine nucleotide binding,1.13E-13,614
148,HPA,Pancreas,1.26E-13,1951
149,HPA,Endometrium 1; glandular cells[≥Low],1.46E-13,1816
150,HPA,Duodenum; glandular cells[≥Low],1.67E-13,1882
151,TF,Factor: E2F-1:DP-1; motif: TTTCSCGC,1.78E-13,2516
152,HPA,Adrenal gland,1.85E-13,1953
153,GO:BP,protein localization,1.85E-13,691
154,MIRNA,hsa-mir-4698,2.12E-13,654
155,MIRNA,hsa-mir-495,2.16E-13,573
156,GO:BP,cellular macromolecule localization,2.34E-13,693
157,MIRNA,hsa-mir-4422,2.94E-13,508
158,GO:MF,carbohydrate derivative binding,3.47E-13,680
159,MIRNA,hsa-mir-3658,3.87E-13,504
160,HPA,Endometrium 1,4.33E-13,1868
161,MIRNA,hsa-mir-656,5.07E-13,402
162,MIRNA,hsa-mir-513a-3p,5.36E-13,584
163,TF,Factor: E2F-1; motif: NNNSSCGCSAANN; match class: 1,5.79E-13,1431
164,HPA,Urinary bladder; urothelial cells[≥Low],6.06E-13,1923
165,HPA,Urinary bladder,6.06E-13,1923
166,TF,Factor: E2F; motif: TTTCGCGC,6.12E-13,2668
167,MIRNA,hsa-mir-3671,6.43E-13,544
168,GO:BP,tube development,6.44E-13,318
169,HPA,Small intestine,8.33E-13,2053
170,MIRNA,hsa-mir-410,9.30E-13,400
171,TF,Factor: BEN; motif: CAGCGRNV,9.73E-13,3774
172,GO:CC,organelle,1.04E-12,3396
173,GO:BP,regulation of multicellular organismal development,1.16E-12,390
174,HPA,Small intestine; glandular cells[≥Low],1.39E-12,1870
175,TF,Factor: E2F-1; motif: NGGGCGGGARV; match class: 1,1.46E-12,2622
176,MIRNA,hsa-mir-543,1.96E-12,522
177,GO:BP,positive regulation of multicellular organismal process,2.01E-12,445
178,MIRNA,hsa-mir-548l,2.05E-12,439
179,GO:BP,cell migration,2.19E-12,415
180,GO:BP,cell motility,3.28E-12,472
181,HPA,Lung,3.38E-12,1935
182,MIRNA,hsa-mir-590-3p,3.44E-12,884
183,HPA,Colon; glandular cells[≥Medium],3.63E-12,1612
184,MIRNA,hsa-mir-499-3p,3.95E-12,397
185,MIRNA,hsa-mir-548h,4.02E-12,457
186,MIRNA,hsa-mir-548j,4.02E-12,457
187,GO:BP,response to chemical,4.32E-12,922
188,GO:MF,transferase activity,4.32E-12,687
189,GO:CC,Golgi apparatus,4.43E-12,436
190,TF,Factor: E2F-1; motif: TTTGGCGCCAAA; match class: 1,4.76E-12,2480
191,GO:BP,positive regulation of biosynthetic process,5.06E-12,667
192,MIRNA,hsa-mir-4789-5p,5.22E-12,490
193,GO:BP,regulation of protein metabolic process,7.21E-12,484
194,GO:CC,intracellular organelle lumen,7.63E-12,1472
195,GO:CC,organelle lumen,7.63E-12,1472
196,GO:CC,membrane-enclosed lumen,7.63E-12,1472
197,TF,Factor: IRX-1; motif: NACRYNNNNNNNNRYGNN,8.41E-12,3857
198,MIRNA,hsa-mir-548f,8.50E-12,514
199,MIRNA,hsa-mir-548e,8.50E-12,514
200,HPA,Placenta,8.59E-12,1965
201,HPA,Duodenum; glandular cells[≥Medium],8.60E-12,1638
202,TF,Factor: Rb:E2F-1:DP-1; motif: TTTSGCGC,9.18E-12,2518
203,GO:BP,catabolic process,1.05E-11,653
204,GO:BP,cellular response to cytokine stimulus,1.09E-11,255
205,GO:BP,nitrogen compound transport,1.11E-11,498
206,GO:BP,positive regulation of macromolecule biosynthetic process,1.12E-11,643
207,HPA,Appendix; glandular cells[≥Low],1.30E-11,1788
208,MIRNA,hsa-mir-548a-3p,1.46E-11,536
209,MIRNA,hsa-mir-101,1.60E-11,451
210,MIRNA,hsa-mir-548d-5p,1.65E-11,475
211,MIRNA,hsa-mir-144,1.73E-11,492
212,MIRNA,hsa-mir-381,1.76E-11,464
213,MIRNA,hsa-mir-548w,1.76E-11,474
214,MIRNA,hsa-mir-548ab,1.76E-11,474
215,MIRNA,hsa-mir-548b-5p,1.76E-11,474
216,MIRNA,hsa-mir-548y,1.76E-11,474
217,MIRNA,hsa-mir-548ak,1.76E-11,474
218,MIRNA,hsa-mir-548a-5p,1.76E-11,474
219,MIRNA,hsa-mir-4659a-3p,1.93E-11,623
220,MIRNA,hsa-mir-4659b-3p,1.93E-11,623
221,MIRNA,hsa-mir-548c-5p,2.01E-11,474
222,MIRNA,hsa-mir-548i,2.01E-11,474
223,MIRNA,hsa-mir-142-5p,2.30E-11,460
224,MIRNA,hsa-mir-3143,2.46E-11,471
225,GO:MF,purine ribonucleoside triphosphate binding,2.65E-11,565
226,GO:CC,extracellular vesicle,2.73E-11,537
227,HPA,Esophagus,2.80E-11,1769
228,HPA,Esophagus; squamous epithelial cells[≥Low],2.80E-11,1769
229,MIRNA,hsa-mir-21-5p,2.85E-11,224
230,HPA,Epididymis,2.85E-11,1921
231,HPA,Epididymis; glandular cells[≥Low],2.85E-11,1921
232,GO:CC,extracellular organelle,2.98E-11,537
233,GO:CC,extracellular membrane-bounded organelle,2.98E-11,537
234,HPA,Tonsil,3.01E-11,2024
235,HPA,Skin 2,3.21E-11,1851
236,MIRNA,hsa-mir-300,3.21E-11,475
237,GO:BP,generation of neurons,3.23E-11,410
238,MIRNA,hsa-mir-559,3.43E-11,474
239,MIRNA,hsa-mir-3065-5p,3.44E-11,501
240,MIRNA,hsa-mir-369-3p,3.48E-11,416
241,GO:BP,intracellular signaling cassette,3.52E-11,493
242,TF,Factor: Kaiso; motif: GCMGGGRGCRGS,3.57E-11,3189
243,GO:BP,regulation of cellular component biogenesis,3.75E-11,290
244,GO:MF,purine ribonucleotide binding,3.95E-11,578
245,MIRNA,hsa-mir-499a-3p,4.18E-11,400
246,TF,Factor: E2F-1; motif: NKTSSCGC,4.40E-11,2190
247,GO:BP,regulation of localization,4.49E-11,518
248,TF,Factor: E2F-3; motif: GGCGGGN,5.08E-11,3102
249,GO:CC,extracellular exosome,5.11E-11,529
250,MIRNA,hsa-mir-4729,5.11E-11,585
251,MIRNA,hsa-mir-4328,5.21E-11,583
252,GO:CC,bounding membrane of organelle,5.25E-11,559
253,HPA,Pancreas; exocrine glandular cells[≥Low],6.23E-11,1828
254,TF,Factor: E2F4; motif: YCCCGCCNCNNSSNNSNN,6.28E-11,3898
255,TF,Factor: E2F1; motif: GSGCGGGAAN; match class: 1,7.08E-11,2394
256,HPA,Bronchus,7.64E-11,1941
257,TF,Factor: BEN; motif: CAGCGRNV; match class: 1,7.85E-11,3105
258,GO:MF,ribonucleotide binding,8.58E-11,580
259,GO:BP,cell morphogenesis,8.90E-11,285
260,TF,Factor: E2F-4:DP-1; motif: TTTSGCGC,9.77E-11,2376
261,WP,1p36 copy number variation syndrome,1.01E-10,60
262,MIRNA,hsa-mir-655,1.01E-10,417
263,MIRNA,hsa-mir-374c,1.01E-10,417
264,GO:BP,cell population proliferation,1.03E-10,513
265,MIRNA,hsa-mir-4694-3p,1.06E-10,433
266,GO:BP,phosphorylation,1.07E-10,359
267,TF,Factor: E2F-1; motif: NGGGCGGGARV,1.08E-10,3386
268,TF,Factor: p300; motif: ACNTCCG; match class: 1,1.13E-10,3515
269,MIRNA,hsa-mir-4762-5p,1.13E-10,364
270,MIRNA,hsa-mir-4775,1.19E-10,826
271,HPA,Cerebral cortex,1.31E-10,2091
272,MIRNA,hsa-mir-3609,1.34E-10,527
273,GO:BP,neuron differentiation,1.37E-10,388
274,MIRNA,hsa-mir-561,1.47E-10,487
275,TF,Factor: E2F-1; motif: NNNNGGCGGGAARN,1.56E-10,3172
276,TF,Factor: E2F-3:HES-7; motif: NNNSGCGCSNNNNNCRCGYGNN,1.63E-10,3829
277,HPA,Prostate; glandular cells[≥Low],2.22E-10,1762
278,HPA,Prostate,2.22E-10,1762
279,HPA,Oral mucosa,2.31E-10,1664
280,HPA,Oral mucosa; squamous epithelial cells[≥Low],2.31E-10,1664
281,GO:BP,establishment of localization in cell,2.32E-10,510
282,TF,Factor: E2F-1; motif: NTTTTGGCGCCAWWWN,2.36E-10,3077
283,MIRNA,hsa-mir-520d-5p,2.50E-10,666
284,WP,2q37 copy number variation syndrome,2.56E-10,75
285,GO:CC,cell projection,2.95E-10,595
286,MIRNA,hsa-mir-524-5p,3.30E-10,665
287,MIRNA,hsa-mir-4310,3.40E-10,482
288,TF,Factor: ETF; motif: CCCCGCCCCYN,5.33E-10,3737
289,GO:BP,cellular response to chemical stimulus,6.04E-10,547
290,GO:CC,plasma membrane bounded cell projection,6.12E-10,568
291,HPA,Cervix,6.35E-10,1817
292,HPA,Small intestine; glandular cells[≥Medium],7.07E-10,1616
293,GO:BP,tube morphogenesis,7.31E-10,254
294,MIRNA,hsa-mir-3133,7.43E-10,521
295,HPA,Lung; macrophages[≥Low],7.84E-10,1783
296,GO:BP,regulation of cell population proliferation,8.39E-10,436
297,GO:BP,apoptotic process,8.49E-10,488
298,HPA,Tonsil; squamous epithelial cells[≥Low],8.74E-10,1752
299,HPA,Breast,9.27E-10,1876
300,GO:MF,adenyl nucleotide binding,9.81E-10,454
301,MIRNA,hsa-mir-3686,1.10E-09,426
302,HPA,Rectum; glandular cells[≥Medium],1.25E-09,1623
303,MIRNA,hsa-mir-3685,1.29E-09,347
304,MIRNA,hsa-mir-3148,1.32E-09,684
305,HPA,Kidney; cells in tubules[≥Low],1.38E-09,1837
306,GO:BP,embryo development,1.38E-09,312
307,MIRNA,hsa-mir-548ah,1.39E-09,492
308,MIRNA,hsa-mir-548p,1.52E-09,543
309,GO:CC,intracellular vesicle,1.55E-09,616
310,MIRNA,hsa-mir-889,1.55E-09,360
311,HPA,Stomach 1; glandular cells[≥Medium],1.60E-09,1680
312,TF,Factor: pax-6; motif: NYACGCNYSANYGMNCN; match class: 1,1.69E-09,2713
313,MIRNA,hsa-mir-105,1.69E-09,437
314,TF,Factor: E2F-1; motif: TTTSGCGCGMNR,1.72E-09,1719
315,MIRNA,hsa-mir-642b,1.79E-09,481
316,HPA,Seminal vesicle,1.92E-09,1791
317,HPA,Seminal vesicle; glandular cells[≥Low],1.92E-09,1791
318,GO:CC,cytoplasmic vesicle,2.01E-09,614
319,HPA,Endometrium 2; glandular cells[≥Low],2.01E-09,1767
320,GO:BP,regulation of cell differentiation,2.03E-09,410
321,GO:BP,protein phosphorylation,2.15E-09,332
322,MIRNA,hsa-mir-323-3p,2.24E-09,374
323,GO:CC,mitochondrion,2.34E-09,462
324,MIRNA,hsa-mir-548t,2.38E-09,514
325,MIRNA,hsa-mir-4668-3p,2.56E-09,490
326,TF,Factor: CHD2; motif: TCTCGCGAG,2.63E-09,3264
327,HPA,Thyroid gland; glandular cells[≥Low],2.80E-09,1859
328,HPA,Thyroid gland,2.80E-09,1859
329,MIRNA,hsa-mir-3653,2.93E-09,417
330,HPA,Liver,3.00E-09,1665
331,GO:BP,anatomical structure formation involved in morphogenesis,3.00E-09,325
332,MIRNA,hsa-mir-4307,3.20E-09,499
333,TF,Factor: pax-6; motif: NYACGCNYSANYGMNCN,3.42E-09,3551
334,GO:BP,animal organ morphogenesis,3.43E-09,289
335,MIRNA,hsa-mir-4680-3p,3.51E-09,386
336,TF,Factor: E2F; motif: TTTSGCGS; match class: 1,4.14E-09,1469
337,GO:CC,intracellular organelle,4.15E-09,3228
338,TF,Factor: E2F-4; motif: NTTTCSCGCC,4.20E-09,3046
339,TF,Factor: ELK1; motif: NACTTCCGSCGGAAGYN,4.28E-09,2666
340,GO:BP,positive regulation of cell communication,4.82E-09,456
341,GO:BP,neuron projection development,4.83E-09,284
342,MIRNA,hsa-mir-192-5p,4.88E-09,319
343,MIRNA,hsa-mir-4263,4.90E-09,417
344,MIRNA,hsa-mir-494,5.04E-09,530
345,MIRNA,hsa-mir-3647-3p,5.16E-09,533
346,GO:BP,positive regulation of signaling,5.27E-09,456
347,MIRNA,hsa-mir-466,5.51E-09,503
348,GO:BP,positive regulation of response to stimulus,5.58E-09,571
349,MIRNA,hsa-mir-3688-3p,5.64E-09,409
350,HPA,Breast; glandular cells[≥Low],5.88E-09,1784
351,GO:BP,regulation of cell projection organization,6.35E-09,198
352,GO:BP,regulation of cellular localization,7.01E-09,281
353,HPA,Endometrium 1; glandular cells[≥Medium],7.03E-09,1390
354,GO:BP,protein transport,7.18E-09,378
355,MIRNA,hsa-mir-548d-3p,7.38E-09,588
356,GO:BP,carbohydrate derivative metabolic process,7.44E-09,274
357,MIRNA,hsa-mir-576-5p,8.05E-09,421
358,GO:BP,cell death,8.70E-09,497
359,GO:BP,programmed cell death,9.18E-09,496
360,MIRNA,hsa-mir-548ac,9.33E-09,586
361,MIRNA,hsa-mir-548z,9.33E-09,586
362,MIRNA,hsa-mir-1297,9.49E-09,493
363,GO:BP,regulation of protein localization,9.55E-09,256
364,MIRNA,hsa-mir-548g,9.56E-09,391
365,HPA,Endometrium 2,1.03E-08,1807
366,HPA,Skin 1,1.06E-08,1882
367,MIRNA,hsa-mir-4446-5p,1.08E-08,515
368,GO:BP,response to endogenous stimulus,1.10E-08,387
369,MIRNA,hsa-mir-4699-3p,1.16E-08,490
370,TF,Factor: TCF-1; motif: ACATCGRGRCGCTGW,1.29E-08,3712
371,TF,Factor: E2F-1:HES-7; motif: GGCRCGTGSYNNWNGGCGCSM,1.35E-08,3868
372,MIRNA,hsa-mir-5096,1.45E-08,584
373,TF,Factor: E2F; motif: TTTSGCGS,1.45E-08,2806
374,HPA,Placenta; trophoblastic cells[≥Low],1.46E-08,1675
375,MIRNA,hsa-mir-487a,1.47E-08,233
376,GO:BP,small molecule metabolic process,1.58E-08,449
377,MIRNA,hsa-mir-4465,1.59E-08,492
378,MIRNA,hsa-mir-337-3p,1.62E-08,261
379,MIRNA,hsa-mir-3942-3p,1.71E-08,484
380,GO:BP,regulation of intracellular signal transduction,1.77E-08,487
381,MIRNA,hsa-mir-548aa,1.86E-08,535
382,MIRNA,hsa-mir-2054,1.97E-08,304
383,MIRNA,hsa-mir-92b,2.06E-08,418
384,MIRNA,hsa-mir-363,2.06E-08,418
385,MIRNA,hsa-mir-367,2.06E-08,418
386,MIRNA,hsa-mir-25,2.06E-08,418
387,MIRNA,hsa-mir-32,2.06E-08,418
388,MIRNA,hsa-mir-92a,2.06E-08,418
389,MIRNA,hsa-mir-4427,2.15E-08,356
390,MIRNA,hsa-mir-802,2.37E-08,301
391,GO:BP,cytoskeleton organization,2.44E-08,394
392,GO:BP,regulation of plasma membrane bounded cell projection organization,2.49E-08,192
393,MIRNA,hsa-mir-384,2.57E-08,349
394,MIRNA,hsa-mir-129-5p,2.69E-08,657
395,TF,Factor: Sp1; motif: NGGGGCGGGGN,2.76E-08,2540
396,MIRNA,hsa-mir-4742-3p,3.12E-08,346
397,GO:BP,central nervous system development,3.21E-08,289
398,TF,Factor: MOVO-B; motif: GNGGGGG,3.26E-08,2452
399,MIRNA,hsa-mir-27b,3.28E-08,587
400,MIRNA,hsa-mir-27a,3.28E-08,587
401,MIRNA,hsa-mir-26a,3.29E-08,474
402,MIRNA,hsa-mir-26b,3.29E-08,474
403,MIRNA,hsa-mir-141,3.49E-08,480
404,MIRNA,hsa-mir-200a,3.49E-08,480
405,GO:BP,neuron development,3.54E-08,315
406,TF,Factor: E2F-3; motif: GGCGGGN; match class: 1,3.86E-08,2262
407,MIRNA,hsa-mir-4778-5p,3.96E-08,385
408,TF,Factor: ZBTB33; motif: GGYGCTG,3.96E-08,2070
409,HPA,Prostate; glandular cells[≥Medium],4.02E-08,1300
410,MIRNA,hsa-mir-23a,4.14E-08,563
411,MIRNA,hsa-mir-23b,4.14E-08,563
412,MIRNA,hsa-mir-23c,4.14E-08,574
413,MIRNA,hsa-mir-586,4.22E-08,324
414,GO:BP,epithelium development,4.86E-08,328
415,MIRNA,hsa-mir-501-5p,4.87E-08,299
416,GO:BP,positive regulation of signal transduction,5.13E-08,403
417,MIRNA,hsa-mir-4802-3p,5.15E-08,359
418,GO:CC,catalytic complex,5.43E-08,440
419,TF,Factor: ZBED4; motif: CCCGCYCCGC,6.16E-08,1879
420,MIRNA,hsa-mir-4429,7.14E-08,423
421,GO:BP,regulation of organelle organization,7.21E-08,307
422,GO:BP,response to oxygen-containing compound,7.28E-08,422
423,TF,Factor: RNF96; motif: BCCCGCRGCC,7.33E-08,2062
424,MIRNA,hsa-mir-186,7.39E-08,517
425,TF,Factor: E2F-1; motif: NNNNGGCGGGAARN; match class: 1,7.89E-08,2213
426,MIRNA,hsa-mir-1264,8.30E-08,335
427,MIRNA,hsa-mir-570,8.61E-08,592
428,MIRNA,hsa-mir-30a,8.70E-08,429
429,MIRNA,hsa-mir-30b,8.70E-08,429
430,MIRNA,hsa-mir-30e,8.70E-08,429
431,MIRNA,hsa-mir-30c,8.70E-08,429
432,MIRNA,hsa-mir-30d,8.70E-08,429
433,GO:CC,organelle subcompartment,8.81E-08,392
434,HPA,Salivary gland,8.82E-08,1796
435,HPA,Salivary gland; glandular cells[≥Low],8.82E-08,1796
436,MIRNA,hsa-mir-548k,8.96E-08,384
437,MIRNA,hsa-mir-3607-3p,9.15E-08,421
438,MIRNA,hsa-mir-20a,9.62E-08,610
439,MIRNA,hsa-mir-106b,9.62E-08,610
440,MIRNA,hsa-mir-17,9.62E-08,610
441,MIRNA,hsa-mir-106a,9.62E-08,610
442,MIRNA,hsa-mir-93,9.62E-08,610
443,MIRNA,hsa-mir-20b,9.62E-08,610
444,MIRNA,hsa-mir-519d,9.62E-08,610
445,MIRNA,hsa-mir-320d,9.64E-08,422
446,MIRNA,hsa-mir-4666-5p,9.84E-08,353
447,GO:CC,cell junction,1.02E-07,570
448,GO:CC,endoplasmic reticulum subcompartment,1.07E-07,321
449,MIRNA,hsa-mir-320c,1.11E-07,427
450,GO:CC,cytoskeleton,1.12E-07,585
451,TF,Factor: E2F-4; motif: NNTTCCCGCCNN,1.14E-07,2982
452,GO:CC,nuclear outer membrane-endoplasmic reticulum membrane network,1.16E-07,325
453,MIRNA,hsa-mir-1303,1.18E-07,340
454,TF,Factor: Sp6; motif: WGGGCGG,1.22E-07,2068
455,TF,Factor: Sp2; motif: WGGGCGG,1.22E-07,2068
456,TF,Factor: CPBP; motif: NGGGCGG,1.22E-07,2068
457,MIRNA,hsa-mir-4495,1.25E-07,407
458,TF,Factor: Churchill; motif: CGGGNN,1.33E-07,3282
459,GO:CC,intracellular membrane-bounded organelle,1.40E-07,2956
460,TF,Factor: E2F-1:DP-1; motif: TTTCSCGC; match class: 1,1.41E-07,1185
461,HPA,Cerebellum,1.41E-07,1863
462,GO:CC,endoplasmic reticulum membrane,1.44E-07,319
463,GO:MF,ATP binding,1.48E-07,410
464,TF,Factor: ZNF138; motif: GCAGCRSCNSGSNCMGSGCS,1.48E-07,2259
465,MIRNA,hsa-mir-582-5p,1.50E-07,454
466,HPA,Skeletal muscle; myocytes[≥Low],1.57E-07,1559
467,HPA,Skeletal muscle,1.57E-07,1559
468,MIRNA,hsa-mir-935,1.65E-07,347
469,MIRNA,hsa-mir-4496,1.75E-07,467
470,HPA,Adrenal gland; glandular cells[≥Medium],1.80E-07,1585
471,TF,Factor: IRX2a; motif: ACRYGNNNNACRYGT,1.82E-07,2269
472,TF,Factor: E2F-4; motif: NTTTCSCGCC; match class: 1,2.01E-07,1945
473,MIRNA,hsa-mir-375,2.12E-07,339
474,GO:BP,circulatory system development,2.17E-07,304
475,TF,Factor: E2F-4; motif: TTTTGGCGCCAWWN,2.19E-07,2574
476,GO:BP,axon development,2.39E-07,161
477,MIRNA,hsa-mir-641,2.41E-07,415
478,GO:BP,negative regulation of biological process,2.48E-07,1274
479,TF,Factor: E2F-1; motif: TTTSGCGS,2.50E-07,1780
480,HPA,Epididymis; glandular cells[≥Medium],2.59E-07,1506
481,TF,Factor: E2F; motif: TTTSGCGS,2.61E-07,2280
482,GO:BP,negative regulation of cellular process,2.66E-07,1233
483,HPA,Nasopharynx; respiratory epithelial cells[≥Low],2.93E-07,1524
484,GO:MF,adenyl ribonucleotide binding,3.02E-07,418
485,TF,Factor: ETF; motif: CCCCGCCCCYN; match class: 1,3.06E-07,3161
486,MIRNA,hsa-mir-568,3.06E-07,279
487,MIRNA,hsa-mir-320b,3.11E-07,434
488,TF,Factor: E2F; motif: TTTSGCGSG,3.18E-07,1592
489,HPA,Esophagus; squamous epithelial cells[≥Medium],3.21E-07,1353
490,GO:CC,endosome,3.23E-07,284
491,TF,Factor: GCMa:Elk-1; motif: RTGNGGGCGGAAGNN,3.31E-07,2959
492,TF,Factor: TIEG1; motif: NCCCNSNCCCCGCCCCC,3.38E-07,2868
493,MIRNA,hsa-mir-4635,3.42E-07,422
494,MIRNA,hsa-mir-3074-3p,3.46E-07,293
495,TF,Factor: E2F-1; motif: TTGGCGCGRAANNGNM,3.49E-07,1784
496,MIRNA,hsa-mir-1183,3.57E-07,310
497,MIRNA,hsa-mir-3973,3.72E-07,445
498,TF,Factor: Sp1; motif: NGGGGGCGGGGYN,3.85E-07,2442
499,MIRNA,hsa-mir-4672,3.85E-07,483
500,TF,Factor: MAZ; motif: GGGMGGGGSSGGGGGGGGGGGG; match class: 1,4.08E-07,3261
501,MIRNA,hsa-mir-4738-3p,4.26E-07,448
502,GO:BP,homeostatic process,4.36E-07,432
503,TF,Factor: E2F1; motif: GSGCGGGAAN,4.37E-07,3243
504,HPA,Stomach 2; glandular cells[≥Medium],4.46E-07,1645
505,HPA,Appendix; glandular cells[≥Medium],4.58E-07,1459
506,HPA,Kidney; cells in tubules[≥Medium],4.62E-07,1536
507,MIRNA,hsa-mir-3129-3p,4.63E-07,253
508,GO:BP,positive regulation of nucleobase-containing compound metabolic process,4.85E-07,496
509,TF,Factor: CP2; motif: NRRRCCGGCYNRARCCGGNN,5.17E-07,2601
510,TF,Factor: Sp1; motif: GGGGCGGGGC,5.36E-07,2449
511,GO:BP,negative regulation of multicellular organismal process,5.55E-07,289
512,MIRNA,hsa-mir-4778-3p,5.62E-07,423
513,MIRNA,hsa-mir-130b,5.77E-07,396
514,MIRNA,hsa-mir-454,5.77E-07,396
515,MIRNA,hsa-mir-301b,5.77E-07,396
516,MIRNA,hsa-mir-130a,5.77E-07,396
517,MIRNA,hsa-mir-301a,5.77E-07,396
518,GO:BP,cell projection morphogenesis,5.86E-07,196
519,MIRNA,hsa-mir-202,5.90E-07,323
520,MIRNA,hsa-mir-606,5.95E-07,236
521,GO:BP,negative regulation of response to stimulus,6.20E-07,419
522,GO:MF,kinase activity,6.34E-07,284
523,TF,Factor: RNF96; motif: BCCCGCRGCC; match class: 1,6.79E-07,1110
524,HPA,Pancreas; exocrine glandular cells[≥Medium],6.89E-07,1410
525,MIRNA,hsa-mir-4703-5p,7.09E-07,316
526,TF,Factor: Sp1; motif: NNGGGGCGGGGNN,7.13E-07,2478
527,GO:BP,response to external stimulus,7.25E-07,575
528,GO:BP,regulation of nervous system development,7.36E-07,142
529,MIRNA,hsa-mir-513b,7.45E-07,466
530,HPA,Liver; hepatocytes[≥Low],7.55E-07,1516
531,MIRNA,hsa-mir-409-3p,7.67E-07,327
532,MIRNA,hsa-mir-3714,7.72E-07,551
533,MIRNA,hsa-mir-1278,7.75E-07,215
534,HPA,Testis; Leydig cells[≥Low],7.81E-07,1846
535,MIRNA,hsa-mir-587,7.93E-07,483
536,TF,Factor: E2F-1; motif: NTTTTGGCGCCAWWWN; match class: 1,8.04E-07,2093
537,MIRNA,hsa-mir-4643,8.12E-07,481
538,MIRNA,hsa-mir-577,8.50E-07,349
539,MIRNA,hsa-mir-3942-5p,8.62E-07,315
540,GO:BP,positive regulation of cellular component organization,8.95E-07,292
541,GO:BP,plasma membrane bounded cell projection morphogenesis,9.41E-07,194
542,GO:BP,positive regulation of protein metabolic process,9.90E-07,277
543,GO:BP,regulation of transport,9.96E-07,402
544,MIRNA,hsa-mir-4668-5p,1.01E-06,602
545,TF,Factor: E2F-4; motif: GCGGGAAANA,1.01E-06,2802
546,TF,Factor: AP-2gamma:Elk-1; motif: NGCCKNRGGSGRCGGAAGTG; match class: 1,1.03E-06,2966
547,MIRNA,hsa-mir-200b,1.07E-06,442
548,MIRNA,hsa-mir-200c,1.07E-06,442
549,GO:BP,growth,1.08E-06,252
550,MIRNA,hsa-mir-4766-3p,1.10E-06,270
551,MIRNA,hsa-mir-891b,1.16E-06,243
552,HPA,Testis; Leydig cells[≥Medium],1.16E-06,1424
553,HPA,Skin 2; epidermal cells[≥Low],1.17E-06,1500
554,MIRNA,hsa-mir-4295,1.17E-06,427
555,TF,Factor: Churchill; motif: CGGGNN; match class: 1,1.23E-06,2466
556,MIRNA,hsa-mir-3666,1.30E-06,427
557,MIRNA,hsa-mir-429,1.32E-06,452
558,GO:BP,organophosphate biosynthetic process,1.33E-06,180
559,GO:BP,intracellular transport,1.39E-06,352
560,GO:CC,early endosome,1.40E-06,133
561,MIRNA,hsa-mir-4517,1.45E-06,317
562,GO:BP,cellular response to stress,1.45E-06,449
563,GO:BP,positive regulation of RNA metabolic process,1.49E-06,450
564,GO:BP,embryonic morphogenesis,1.53E-06,180
565,TF,Factor: E2F; motif: TTTCGCGC; match class: 1,1.56E-06,1337
566,GO:MF,"transferase activity, transferring phosphorus-containing groups",1.59E-06,324
567,MIRNA,hsa-mir-3978,1.61E-06,462
568,MIRNA,hsa-mir-4719,1.69E-06,555
569,MIRNA,hsa-mir-4773,1.70E-06,443
570,MIRNA,hsa-mir-522,1.74E-06,353
571,GO:MF,"phosphotransferase activity, alcohol group as acceptor",1.81E-06,259
572,GO:BP,neuron projection morphogenesis,1.92E-06,189
573,GO:BP,axonogenesis,1.97E-06,142
574,MIRNA,hsa-mir-132,1.97E-06,351
575,MIRNA,hsa-mir-212,1.97E-06,351
576,GO:BP,macromolecule catabolic process,1.98E-06,359
577,TF,Factor: CHD2; motif: TCTCGCGAG; match class: 1,1.98E-06,2686
578,HPA,Caudate,2.06E-06,1800
579,MIRNA,hsa-mir-3976,2.11E-06,228
580,MIRNA,hsa-mir-4677-5p,2.12E-06,348
581,MIRNA,hsa-mir-1298,2.18E-06,277
582,MIRNA,hsa-mir-4684-5p,2.69E-06,500
583,GO:BP,regulation of protein modification process,2.81E-06,277
584,MIRNA,hsa-mir-34b,2.84E-06,371
585,TF,Factor: E2F-4; motif: NGGCGGGAARN,2.89E-06,2561
586,MIRNA,hsa-mir-4509,2.95E-06,270
587,MIRNA,hsa-mir-330-3p,2.96E-06,478
588,MIRNA,hsa-mir-498,3.01E-06,532
589,GO:BP,organophosphate metabolic process,3.14E-06,283
590,TF,Factor: E2F; motif: NCSCGCSAAAN,3.18E-06,1519
591,MIRNA,hsa-mir-4796-5p,3.22E-06,187
592,MIRNA,hsa-mir-4670-3p,3.52E-06,311
593,GO:BP,tissue morphogenesis,3.83E-06,177
594,MIRNA,hsa-mir-532-5p,3.85E-06,218
595,GO:BP,establishment of protein localization,3.99E-06,469
596,TF,Factor: ZNF670; motif: SNGGGCRGRG,4.01E-06,2963
597,MIRNA,hsa-mir-3140-3p,4.14E-06,442
598,HPA,Thyroid gland; glandular cells[≥Medium],4.18E-06,1474
599,MIRNA,hsa-mir-624,4.22E-06,318
600,GO:BP,angiogenesis,4.22E-06,161
601,MIRNA,hsa-mir-4501,4.28E-06,229
602,MIRNA,hsa-mir-3124-3p,4.29E-06,472
603,MIRNA,hsa-mir-4801,4.30E-06,456
604,GO:BP,carbohydrate derivative biosynthetic process,4.55E-06,172
605,TF,Factor: E2F-4:DP-1; motif: TTTSGCGC; match class: 1,4.61E-06,1021
606,GO:BP,positive regulation of gene expression,4.67E-06,312
607,MIRNA,hsa-mir-4731-3p,4.75E-06,456
608,MIRNA,hsa-mir-4803,4.85E-06,389
609,MIRNA,hsa-mir-569,4.86E-06,262
610,GO:BP,skeletal system development,5.17E-06,159
611,GO:CC,extracellular space,5.50E-06,745
612,HPA,Nasopharynx; respiratory epithelial cells[≥Medium],5.69E-06,1267
613,MIRNA,hsa-mir-21,5.77E-06,241
614,GO:BP,regulation of apoptotic process,5.99E-06,366
615,TF,Factor: AP-2; motif: MKCCCSCNGGCG,6.06E-06,2502
616,HPA,Colon; endothelial cells[≥Low],6.12E-06,1491
617,HPA,Urinary bladder; urothelial cells[≥Medium],6.20E-06,1558
618,GO:CC,intracellular protein-containing complex,6.25E-06,247
619,GO:BP,neuron projection guidance,6.31E-06,84
620,TF,Factor: E2F-4; motif: NNTTCCCGCCNN; match class: 1,6.42E-06,1898
621,TF,Factor: E2F-4; motif: NGGCGGGAARN; match class: 1,6.43E-06,1354
622,GO:BP,blood vessel morphogenesis,6.46E-06,181
623,MIRNA,hsa-mir-548m,6.52E-06,315
624,MIRNA,hsa-mir-1279,6.57E-06,311
625,MIRNA,hsa-mir-3908,6.62E-06,305
626,MIRNA,hsa-mir-511,6.75E-06,368
627,HPA,Soft tissue 1,6.76E-06,1416
628,GO:BP,regulation of anatomical structure size,6.82E-06,149
629,MIRNA,hsa-mir-197,6.87E-06,424
630,GO:BP,regulation of molecular function,6.89E-06,373
631,MIRNA,hsa-mir-520g,7.00E-06,586
632,MIRNA,hsa-mir-4291,7.13E-06,495
633,MIRNA,hsa-mir-5011-5p,7.15E-06,218
634,TF,Factor: ZXDL; motif: GSGSCNNGGGMRGCNCCGGGS,7.19E-06,2494
635,MIRNA,hsa-mir-450b-5p,7.60E-06,450
636,GO:BP,response to hormone,7.62E-06,243
637,MIRNA,hsa-mir-4645-3p,7.72E-06,320
638,GO:MF,"catalytic activity, acting on a protein",7.79E-06,701
639,GO:BP,cell division,7.88E-06,186
640,MIRNA,hsa-mir-489,8.50E-06,303
641,MIRNA,hsa-mir-520h,8.79E-06,636
642,GO:CC,mitochondrial matrix,9.33E-06,148
643,GO:BP,positive regulation of developmental process,9.39E-06,339
644,MIRNA,hsa-mir-3617,9.51E-06,392
645,MIRNA,hsa-mir-448,9.68E-06,293
646,MIRNA,hsa-mir-1208,9.81E-06,410
647,GO:CC,transferase complex,9.81E-06,238
648,GO:BP,peptidyl-amino acid modification,1.03E-05,192
649,TF,Factor: ER81; motif: RCCGGAARYN,1.04E-05,2955
650,MIRNA,hsa-mir-338-5p,1.10E-05,423
651,TF,Factor: E2F; motif: TTTSGCGS; match class: 1,1.12E-05,978
652,MIRNA,hsa-mir-298,1.15E-05,481
653,HPA,Vagina; squamous epithelial cells[≥Low],1.17E-05,1566
654,HPA,Vagina,1.17E-05,1566
655,TF,Factor: AP2; motif: GCCYGSGGSN,1.17E-05,2374
656,GO:BP,regulation of response to stress,1.18E-05,348
657,GO:BP,axon guidance,1.19E-05,83
658,GO:CC,microtubule cytoskeleton,1.21E-05,352
659,GO:BP,positive regulation of RNA biosynthetic process,1.27E-05,415
660,TF,Factor: IRX2a; motif: ACRYGNNNNACRYGT; match class: 1,1.27E-05,1531
661,TF,Factor: E2F-1; motif: NTTSGCGG,1.28E-05,1928
662,MIRNA,hsa-mir-4724-5p,1.32E-05,343
663,HPA,Endometrium 2; glandular cells[≥Medium],1.40E-05,1298
664,MIRNA,hsa-mir-590-5p,1.42E-05,247
665,MIRNA,hsa-mir-3120-3p,1.45E-05,555
666,MIRNA,hsa-mir-361-5p,1.47E-05,306
667,MIRNA,hsa-mir-223,1.52E-05,259
668,HPA,Placenta; decidual cells[≥Low],1.52E-05,1286
669,HPA,Smooth muscle,1.53E-05,1433
670,HPA,Smooth muscle; smooth muscle cells[≥Low],1.53E-05,1433
671,GO:BP,regulation of programmed cell death,1.57E-05,373
672,GO:BP,cell morphogenesis involved in neuron differentiation,1.57E-05,171
673,TF,Factor: sp4; motif: NNGNARGRGGCGGRGCNNRR,1.59E-05,2483
674,GO:BP,lipid metabolic process,1.65E-05,348
675,GO:BP,regulation of neurogenesis,1.70E-05,118
676,GO:MF,protein kinase activity,1.77E-05,225
677,GO:BP,organic acid metabolic process,1.78E-05,243
678,TF,Factor: E2F; motif: NKCGCGCSAAAN,1.90E-05,1402
679,MIRNA,hsa-mir-4795-3p,1.90E-05,419
680,HPA,Bone marrow; hematopoietic cells[≥Low],1.91E-05,1682
681,HPA,Bone marrow,1.91E-05,1682
682,MIRNA,hsa-mir-3121-3p,1.98E-05,420
683,MIRNA,hsa-mir-548v,2.05E-05,289
684,HPA,Cervix; glandular cells[≥Low],2.05E-05,1490
685,TF,Factor: Rb:E2F-1:DP-1; motif: TTTSGCGC; match class: 1,2.17E-05,1152
686,TF,Factor: ELK1; motif: NACTTCCGSCGGAAGYN; match class: 1,2.18E-05,1726
687,GO:BP,negative regulation of cellular component organization,2.21E-05,194
688,GO:BP,positive regulation of DNA-templated transcription,2.22E-05,413
689,MIRNA,hsa-mir-3145-3p,2.24E-05,305
690,HPA,Heart muscle,2.26E-05,1641
691,HPA,Heart muscle; cardiomyocytes[≥Low],2.26E-05,1641
692,MIRNA,hsa-mir-9,2.38E-05,330
693,GO:BP,oxoacid metabolic process,2.40E-05,241
694,MIRNA,hsa-mir-222,2.45E-05,247
695,MIRNA,hsa-mir-221,2.45E-05,247
696,GO:BP,regulation of cell development,2.47E-05,227
697,GO:BP,regulation of catabolic process,2.62E-05,270
698,GO:BP,vesicle-mediated transport,2.70E-05,390
699,TF,Factor: Elk-1; motif: NNCCGGAAGTN,2.85E-05,2722
700,GO:BP,negative regulation of signaling,2.95E-05,356
701,GO:CC,endoplasmic reticulum lumen,2.95E-05,98
702,MIRNA,hsa-mir-215-5p,3.07E-05,239
703,MIRNA,hsa-mir-578,3.10E-05,373
704,MIRNA,hsa-mir-3910,3.24E-05,379
705,GO:BP,regulation of metabolic process,3.28E-05,1489
706,TF,Factor: PRX-2; motif: NKCGTTAN,3.28E-05,1392
707,MIRNA,hsa-mir-4261,3.38E-05,385
708,MIRNA,hsa-mir-4457,3.44E-05,373
709,GO:BP,cell cycle process,3.46E-05,322
710,TF,Factor: E2F-1:DP-2; motif: TTTSSCGC; match class: 1,3.46E-05,765
711,MIRNA,hsa-mir-4755-5p,3.71E-05,457
712,MIRNA,hsa-mir-2116,3.72E-05,295
713,MIRNA,hsa-mir-4744,3.84E-05,279
714,MIRNA,hsa-mir-1236,3.94E-05,399
715,MIRNA,hsa-mir-4639-5p,4.01E-05,228
716,TF,Factor: AP-2; motif: GSCCSCRGGCNRNRNN,4.06E-05,2164
717,TF,Factor: E2F; motif: TTTSGCGSG,4.07E-05,1378
718,GO:BP,cellular response to endogenous stimulus,4.35E-05,309
719,MIRNA,hsa-mir-4503,4.36E-05,267
720,HPA,Caudate; neuronal cells[≥Low],4.43E-05,1599
721,HPA,Parathyroid gland,4.43E-05,1535
722,HPA,Parathyroid gland; glandular cells[≥Low],4.43E-05,1535
723,MIRNA,hsa-mir-376a,4.46E-05,224
724,MIRNA,hsa-mir-376b,4.46E-05,224
725,MIRNA,hsa-mir-4511,4.56E-05,325
726,GO:BP,regulation of nucleobase-containing compound metabolic process,4.61E-05,884
727,GO:BP,negative regulation of cell communication,4.65E-05,355
728,MIRNA,hsa-mir-4735-5p,4.69E-05,491
729,HPA,Cerebral cortex; neuronal cells[≥Low],4.73E-05,1728
730,MIRNA,hsa-mir-633,4.74E-05,245
731,GO:CC,extracellular region,4.80E-05,926
732,MIRNA,hsa-mir-139-5p,4.85E-05,324
733,MIRNA,hsa-mir-3941,4.85E-05,533
734,TF,Factor: BTEB1; motif: GGGGGCGGGGCNGSGGGNGS,4.86E-05,2367
735,GO:BP,cytokine-mediated signaling pathway,4.89E-05,150
736,MIRNA,hsa-mir-759,4.99E-05,400
737,MIRNA,hsa-mir-4272,5.14E-05,358
738,KEGG,Axon guidance,5.28E-05,70
739,MIRNA,hsa-mir-545,5.50E-05,509
740,GO:BP,cell cycle,5.82E-05,403
741,TF,Factor: ZNF253; motif: SNGNSCGNGGNGCKGNN,5.85E-05,2586
742,MIRNA,hsa-mir-491-3p,5.99E-05,226
743,GO:MF,transmembrane receptor protein kinase activity,6.01E-05,44
744,GO:BP,positive regulation of cell population proliferation,6.05E-05,249
745,GO:MF,protein homodimerization activity,6.08E-05,209
746,GO:BP,forebrain development,6.15E-05,127
747,MIRNA,hsa-mir-1323,6.19E-05,450
748,GO:BP,carboxylic acid metabolic process,6.22E-05,234
749,GO:CC,cell body,6.47E-05,157
750,GO:BP,positive regulation of protein localization,6.61E-05,145
751,TF,Factor: Foxn2; motif: NNGCGTCNNNNNGACGCNN,6.78E-05,1410
752,MIRNA,hsa-mir-4528,6.90E-05,336
753,MIRNA,hsa-mir-618,7.04E-05,230
754,MIRNA,hsa-mir-3672,7.11E-05,426
755,TF,Factor: E2F-1; motif: TWSGCGCGAAAAYKR,7.15E-05,2102
756,MIRNA,hsa-mir-4796-3p,7.26E-05,435
757,GO:MF,hydrolase activity,7.35E-05,782
758,GO:BP,regulation of anatomical structure morphogenesis,7.64E-05,221
759,GO:BP,enzyme-linked receptor protein signaling pathway,7.71E-05,252
760,GO:MF,ribonucleoside triphosphate phosphatase activity,7.73E-05,320
761,TF,Factor: Egr-1; motif: NGCGTGCGY,7.90E-05,2552
762,MIRNA,hsa-mir-34c-3p,8.11E-05,269
763,GO:BP,response to lipid,8.11E-05,243
764,GO:BP,positive regulation of cellular component biogenesis,8.42E-05,146
765,GO:BP,response to abiotic stimulus,8.76E-05,290
766,MIRNA,hsa-mir-1299,8.76E-05,402
767,TF,Factor: LIM-1; motif: NNCGTTAN,8.86E-05,1427
768,MIRNA,hsa-mir-875-3p,9.18E-05,448
769,GO:CC,neuron projection,9.28E-05,329
770,HPA,Cerebellum; Purkinje cells[≥Low],9.47E-05,1455
771,HPA,Ovary,9.49E-05,1422
772,MIRNA,hsa-mir-544,9.52E-05,378
773,TF,Factor: AP-2gamma:Elk-1; motif: NGCCKNRGGSGRCGGAAGTG,9.54E-05,3690
774,GO:BP,positive regulation of intracellular signal transduction,9.55E-05,283
775,MIRNA,hsa-mir-3182,9.77E-05,397
776,MIRNA,hsa-mir-4461,9.80E-05,218
777,TF,Factor: RERE; motif: CNGCNSCNNGSRCRGSGSS,9.85E-05,2377
778,GO:BP,actin filament-based process,0.000103471,219
779,MIRNA,hsa-mir-548an,0.000103624,449
780,TF,Factor: ZXDL; motif: GSGSCNNGGGMRGCNCCGGGS; match class: 1,0.000105737,1615
781,TF,Factor: E2F-4; motif: GCGGGAAANA; match class: 1,0.000105778,1556
782,GO:BP,regulation of cell cycle,0.000107991,277
783,MIRNA,hsa-mir-1179,0.000108486,291
784,MIRNA,hsa-mir-3122,0.000110599,526
785,MIRNA,hsa-mir-1284,0.000113045,231
786,MIRNA,hsa-mir-124,0.000115016,407
787,MIRNA,hsa-mir-506,0.000115016,407
788,GO:BP,stem cell differentiation,0.000119759,82
789,MIRNA,hsa-mir-3913-5p,0.000120104,526
790,MIRNA,hsa-mir-513c,0.000122267,349
791,TF,Factor: GABP-alpha; motif: CTTCCK,0.000122435,2581
792,MIRNA,hsa-mir-376c,0.000126051,252
793,TF,Factor: ER71:Pax-5; motif: ACCGGAACYACGCWTSANTG,0.000126256,3274
794,HP,Bifid ribs,0.000126601,15
795,MIRNA,hsa-mir-152,0.000131919,371
796,MIRNA,hsa-mir-148b,0.000131919,371
797,MIRNA,hsa-mir-148a,0.000131919,371
798,GO:BP,regulation of cytoskeleton organization,0.000134502,148
799,GO:CC,vesicle membrane,0.000135092,310
800,HPA,Seminal vesicle; glandular cells[≥Medium],0.000140681,1372
801,GO:BP,microtubule-based process,0.000141135,257
802,GO:BP,glycoprotein metabolic process,0.000154134,113
803,GO:CC,synapse,0.000156396,393
804,MIRNA,hsa-mir-3137,0.000156496,230
805,MIRNA,hsa-mir-616,0.000159276,264
806,MIRNA,hsa-mir-513a-5p,0.000160915,559
807,TF,Factor: Foxn2; motif: NNGCGTCNNNNNGACGCNN; match class: 1,0.000162825,1347
808,GO:BP,multicellular organismal-level homeostasis,0.000163831,218
809,HPA,Tonsil; squamous epithelial cells[≥Medium],0.000165653,1301
810,GO:BP,brain development,0.000166807,202
811,HPA,Cervix; squamous epithelial cells[≥Low],0.000171633,1424
812,HPA,Kidney; cells in glomeruli[≥Low],0.00017796,1355
813,MIRNA,hsa-mir-320a,0.000180477,506
814,HPA,Lymph node,0.000182763,1680
815,MIRNA,hsa-mir-3678-3p,0.000182792,385
816,TF,Factor: pax-6; motif: NYACGCNTSRNYGCNYN; match class: 1,0.000184282,1849
817,GO:BP,negative regulation of developmental process,0.000185316,240
818,HPA,Liver; hepatocytes[≥Medium],0.000186296,1008
819,MIRNA,hsa-mir-548o,0.000186705,436
820,GO:CC,cytoplasmic vesicle membrane,0.000188486,305
821,TF,Factor: Elk-1:Pax-9; motif: ACCGGAACYACGCWYSANTG,0.000189976,2778
822,MIRNA,hsa-mir-3168,0.000193811,255
823,HPA,Salivary gland; glandular cells[≥Medium],0.00019625,1283
824,GO:BP,developmental growth,0.000198184,181
825,HPA,Hippocampus,0.000204317,1750
826,GO:BP,cell adhesion,0.000206137,371
827,MIRNA,hsa-mir-302f,0.000208444,286
828,TF,Factor: BTEB2; motif: RGGGNGKGGN,0.000221406,2024
829,GO:BP,negative regulation of signal transduction,0.000227817,327
830,MIRNA,hsa-mir-3682-5p,0.000228364,279
831,HPA,Fallopian tube; glandular cells[≥Low],0.000228598,1492
832,TF,Factor: PRX-2; motif: NNCRTTAN,0.000230205,2021
833,MIRNA,hsa-mir-3161,0.000232867,234
834,MIRNA,hsa-mir-4255,0.000234319,273
835,MIRNA,hsa-mir-299-5p,0.000239571,221
836,GO:MF,"hydrolase activity, acting on acid anhydrides, in phosphorus-containing anhydrides",0.000240729,331
837,GO:MF,"hydrolase activity, acting on acid anhydrides",0.000240729,331
838,GO:CC,cell periphery,0.000241049,1330
839,MIRNA,hsa-mir-5095,0.000249386,554
840,GO:BP,regulation of cell migration,0.000254143,247
841,MIRNA,hsa-mir-4705,0.000258246,288
842,GO:BP,cell junction organization,0.000258899,219
843,GO:BP,positive regulation of cell differentiation,0.000261385,229
844,HPA,Testis,0.000261539,2256
845,MIRNA,hsa-mir-1277-5p,0.000266191,204
846,MIRNA,hsa-mir-204,0.000278765,357
847,MIRNA,hsa-mir-211,0.000278765,357
848,GO:BP,regulation of neuron projection development,0.00028143,130
849,MIRNA,hsa-mir-425,0.000281932,235
850,TF,Factor: Elk-1; motif: NRSCGGAAGNN,0.000285663,1954
851,TF,Factor: E2F; motif: NNTTTCGCGCN,0.000286562,1511
852,MIRNA,hsa-mir-888,0.000291908,295
853,MIRNA,hsa-mir-4762-3p,0.000295942,399
854,GO:CC,Golgi membrane,0.000297705,181
855,TF,Factor: E2F-3:TBR2; motif: ANGTGYKANGGCGCSTTNNCRNNT,0.000304171,3824
856,GO:MF,pyrophosphatase activity,0.000314202,330
857,GO:BP,muscle tissue development,0.000318035,126
858,MIRNA,hsa-mir-4797-3p,0.000321184,297
859,GO:BP,regulation of translation,0.000327548,114
860,GO:BP,circulatory system process,0.000336286,166
861,GO:CC,sarcomere,0.000338821,71
862,KEGG,Metabolic pathways,0.000352749,412
863,HPA,Soft tissue 1; chondrocytes[≥Low],0.000354425,614
864,MIRNA,hsa-mir-3149,0.000356253,443
865,MIRNA,hsa-mir-3160-5p,0.000358164,343
866,MIRNA,hsa-mir-3140-5p,0.000363151,295
867,MIRNA,hsa-mir-4724-3p,0.000365294,192
868,MIRNA,hsa-mir-4766-5p,0.000377527,442
869,MIRNA,hsa-mir-4257,0.000380332,480
870,GO:BP,vasculature development,0.000386997,202
871,MIRNA,hsa-mir-4642,0.000392853,283
872,GO:BP,response to peptide hormone,0.000395962,128
873,GO:BP,regulation of phosphate metabolic process,0.000405751,245
874,HPA,Soft tissue 2,0.000407697,1360
875,GO:BP,locomotion,0.000425197,310
876,TF,Factor: WT1; motif: CGCCCCCNCN,0.000433814,2299
877,TF,Factor: E2F-3:TBR2; motif: ANGTGYKANGGCGCSTTNNCRNNT; match class: 1,0.000434039,3509
878,HPA,Skeletal muscle; myocytes[≥Medium],0.000434486,1014
879,GO:BP,blood vessel development,0.000436025,195
880,MIRNA,hsa-mir-4652-3p,0.000437203,479
881,MIRNA,hsa-mir-190a-3p,0.000444231,211
882,GO:BP,regulation of phosphorus metabolic process,0.000444557,245
883,GO:BP,epithelial cell differentiation,0.000466981,198
884,GO:BP,mesenchymal cell differentiation,0.000470891,82
885,MIRNA,hsa-mir-4676-3p,0.000475721,325
886,TF,Factor: Egr-1; motif: WTGCGTGGGCGK,0.000478218,1312
887,GO:BP,muscle structure development,0.000479998,186
888,GO:CC,myofibril,0.000487653,76
889,TF,Factor: A-Myb:Elf-1; motif: NMCCGGAACCGTTA,0.000494707,2568
890,GO:BP,regulation of RNA metabolic process,0.000498625,813
891,MIRNA,hsa-mir-380,0.000514189,284
892,TF,Factor: BSX; motif: NNCGTTAN,0.000533578,1838
893,MIRNA,hsa-mir-4275,0.000547135,263
894,GO:BP,positive regulation of protein modification process,0.00055523,173
895,MIRNA,hsa-mir-520e,0.000579096,543
896,TF,Factor: Elk-1:HOXA3; motif: NCCGGAAATKR,0.000590927,2410
897,MIRNA,hsa-mir-4264,0.000592994,318
898,GO:CC,basal part of cell,0.000594228,93
899,TF,Factor: Hey1; motif: NGCRCGYGYN,0.000594776,2727
900,MIRNA,hsa-mir-4445,0.000594816,184
901,GO:CC,organelle envelope,0.00059968,318
902,HPA,Parathyroid gland; glandular cells[≥Medium],0.000604963,1165
903,TF,Factor: AP-2alpha; motif: NGCCYSNNGSN,0.000612785,2165
904,MIRNA,hsa-mir-520b,0.000624736,543
905,TF,Factor: ZF5; motif: NGAGCGCGC,0.000639801,686
906,TF,Factor: c-ets-2; motif: ACCGGAWRTN; match class: 1,0.000640981,1125
907,TF,Factor: E2F-1:DP-2; motif: TTTSSCGC,0.00066436,2063
908,MIRNA,hsa-mir-4709-5p,0.000667604,379
909,MIRNA,hsa-mir-660,0.000668687,160
910,GO:CC,chromosome,0.000668905,458
911,GO:CC,perinuclear region of cytoplasm,0.000676786,192
912,GO:CC,contractile muscle fiber,0.000677926,78
913,GO:MF,interleukin-1 receptor binding,0.000679557,13
914,MIRNA,hsa-mir-4289,0.000680228,252
915,GO:MF,identical protein binding,0.000681914,536
916,MIRNA,hsa-mir-452,0.0006837,319
917,MIRNA,hsa-mir-4330,0.000694549,332
918,MIRNA,hsa-mir-514b-5p,0.000696363,361
919,MIRNA,hsa-mir-302e,0.000711849,542
920,MIRNA,hsa-mir-520d-3p,0.000711849,542
921,MIRNA,hsa-mir-33a,0.000712951,291
922,MIRNA,hsa-mir-33b,0.000712951,291
923,MIRNA,hsa-mir-181b,0.000713963,496
924,MIRNA,hsa-mir-181c,0.000713963,496
925,MIRNA,hsa-mir-181d,0.000713963,496
926,HPA,Hippocampus; glial cells[≥Low],0.00071413,1100
927,TF,Factor: E2F-1; motif: NTTTCGCGCS,0.000723409,1861
928,MIRNA,hsa-mir-552,0.000731467,399
929,MIRNA,hsa-mir-3185,0.00075449,430
930,MIRNA,hsa-mir-181a,0.000772524,496
931,MIRNA,hsa-mir-4699-5p,0.000781338,270
932,MIRNA,hsa-mir-520c-3p,0.000783248,543
933,GO:BP,heart development,0.000788984,165
934,MIRNA,hsa-mir-140-3p,0.000802167,405
935,GO:BP,positive regulation of cell projection organization,0.000824448,107
936,MIRNA,hsa-mir-217,0.00084945,327
937,TF,Factor: TEF-3:Elk-1; motif: RMATWCCGGAWGT,0.00086172,2712
938,TF,Factor: CTCF; motif: NCCRSTAGGGGGCGC,0.000862593,2149
939,MIRNA,hsa-mir-183,0.000878035,259
940,GO:BP,head development,0.000878578,210
941,MIRNA,hsa-mir-215,0.000903078,170
942,MIRNA,hsa-mir-192,0.000903078,170
943,MIRNA,hsa-mir-567,0.000927533,269
944,MIRNA,hsa-mir-4438,0.000927912,544
945,HPA,Duodenum; glandular cells[High],0.000959486,716
946,GO:BP,regulation of locomotion,0.001009183,267
947,GO:BP,translation,0.001035385,192
948,MIRNA,hsa-mir-4804-3p,0.001035749,222
949,MIRNA,hsa-mir-2053,0.00105644,300
950,GO:MF,GTPase activity,0.001059644,218
951,MIRNA,hsa-mir-3177-5p,0.001060903,199
952,HPA,Breast; myoepithelial cells[≥Low],0.001069958,1465
953,GO:CC,M band,0.001070727,15
954,TF,Factor: ZNF138; motif: GCAGCRSCNSGSNCMGSGCS; match class: 1,0.001088887,1309
955,TF,Factor: RREB-1; motif: GGGWCSA,0.001093639,2039
956,MIRNA,hsa-mir-4662a-3p,0.001096211,227
957,MIRNA,hsa-mir-591,0.001105401,183
958,HPA,Gallbladder; glandular cells[High],0.001132649,782
959,MIRNA,hsa-mir-1273d,0.001136809,200
960,TF,Factor: PATZ; motif: GGGGNGGGGGMKGGRRNGGNRN,0.001143064,1962
961,MIRNA,hsa-mir-520a-3p,0.001153308,540
962,MIRNA,hsa-mir-4452,0.00115678,330
963,GO:BP,kidney development,0.001167012,98
964,MIRNA,hsa-mir-371-5p,0.001187546,534
965,TF,Factor: E2F3; motif: NNRGMKGGAR; match class: 1,0.00118969,1670
966,MIRNA,hsa-mir-3688-5p,0.001193953,272
967,MIRNA,hsa-mir-4477a,0.001203153,404
968,TF,Factor: LHX4; motif: NNCRTTAN,0.001206449,2454
969,MIRNA,hsa-mir-19b,0.001206965,372
970,MIRNA,hsa-mir-19a,0.001206965,372
971,HPA,Lymph node; non-germinal center cells[≥Low],0.001214785,1561
972,MIRNA,hsa-mir-3064-3p,0.001217034,334
973,MIRNA,hsa-mir-194,0.001222922,306
974,MIRNA,hsa-mir-1283,0.001227137,384
975,GO:BP,actin cytoskeleton organization,0.001268161,192
976,TF,Factor: E2F3; motif: NNRGMKGGAR,0.001285605,2872
977,MIRNA,hsa-mir-4718,0.001302593,187
978,TF,Factor: BEN; motif: CWGCGAYA,0.001322049,1774
979,GO:BP,gliogenesis,0.001359317,105
980,MIRNA,hsa-mir-651,0.001375729,248
981,GO:BP,response to nitrogen compound,0.001380418,269
982,TF,Factor: SP1; motif: GGCCCCGCCCCCN,0.001419491,2053
983,GO:CC,axon,0.001446133,171
984,MIRNA,hsa-mir-4262,0.00144623,507
985,GO:BP,protein localization to cell periphery,0.001457008,108
986,HPA,Skin 1; melanocytes[≥Low],0.001461685,1377
987,MIRNA,hsa-mir-4276,0.00148368,370
988,GO:BP,regulation of phosphorylation,0.001550126,214
989,GO:BP,regulation of cell adhesion,0.001567752,206
990,TF,Factor: E2F-4; motif: TTTTGGCGCCAWWN; match class: 1,0.00159864,1570
991,GO:BP,regulation of cell motility,0.001609725,256
992,MIRNA,hsa-let-7a,0.00163984,359
993,MIRNA,hsa-mir-98,0.00163984,359
994,MIRNA,hsa-let-7d,0.00163984,359
995,MIRNA,hsa-let-7e,0.00163984,359
996,MIRNA,hsa-let-7g,0.00163984,359
997,MIRNA,hsa-let-7i,0.00163984,359
998,MIRNA,hsa-let-7f,0.00163984,359
999,MIRNA,hsa-let-7c,0.00163984,359
1000,MIRNA,hsa-let-7b,0.00163984,359
1001,WP,2q13 copy number variation syndrome,0.001658181,32
1002,MIRNA,hsa-mir-508-3p,0.001666349,174
1003,TF,Factor: E2F1; motif: NNNNNGCGSSAAAN,0.001669006,1722
1004,HPA,Cerebral cortex; glial cells[≥Low],0.00167582,1286
1005,MIRNA,hsa-mir-583,0.001695325,386
1006,MIRNA,hsa-mir-3119,0.001727038,355
1007,TF,Factor: E2F-6; motif: CNTTTCNT,0.001730262,651
1008,GO:CC,neuronal cell body,0.001731883,135
1009,MIRNA,hsa-mir-4420,0.00173361,411
1010,GO:BP,glycoprotein biosynthetic process,0.00178707,92
1011,GO:BP,morphogenesis of an epithelium,0.001789301,140
1012,MIRNA,hsa-mir-382,0.001793617,203
1013,GO:MF,amide binding,0.001807031,81
1014,MIRNA,hsa-mir-599,0.001807332,286
1015,MIRNA,hsa-mir-421,0.001818581,435
1016,TF,Factor: c-ets-2; motif: ACCGGAWRTN,0.001837879,2527
1017,TF,Factor: E2F-1; motif: TWSGCGCGAAAAYKR; match class: 1,0.001867088,682
1018,GO:MF,molecular function regulator activity,0.001872164,535
1019,GO:BP,regulation of cell projection assembly,0.001890185,68
1020,MIRNA,hsa-mir-3924,0.001907558,336
1021,MIRNA,hsa-mir-3664-5p,0.001922501,364
1022,GO:BP,positive regulation of transcription by RNA polymerase II,0.001929544,306
1023,MIRNA,hsa-mir-137,0.001930046,290
1024,GO:MF,transmembrane receptor protein tyrosine kinase activity,0.001936363,35
1025,MIRNA,hsa-mir-2276,0.001944764,342
1026,GO:MF,ephrin receptor activity,0.0019815,13
1027,TF,Factor: MECP2; motif: CCGGNNTTWA,0.002011035,1277
1028,MIRNA,hsa-mir-4484,0.002021571,199
1029,HPA,Fallopian tube; ciliated cells (cell body)[≥Low],0.002041767,291
1030,MIRNA,hsa-mir-1273e,0.002045835,366
1031,GO:MF,growth factor receptor binding,0.002050851,52
1032,MIRNA,hsa-mir-3613-5p,0.002096245,156
1033,MIRNA,hsa-mir-4711-3p,0.002128301,250
1034,MIRNA,hsa-mir-3674,0.002151622,257
1035,MIRNA,hsa-mir-155,0.002200565,244
1036,MIRNA,hsa-mir-1304,0.002206827,311
1037,HPA,Placenta; trophoblastic cells[≥Medium],0.002216305,1314
1038,HPA,Cerebral cortex; neuropil[≥Low],0.002256744,1303
1039,MIRNA,hsa-mir-4728-3p,0.002331028,261
1040,MIRNA,hsa-mir-218,0.002340976,280
1041,GO:BP,regulation of response to external stimulus,0.002359338,268
1042,MIRNA,hsa-mir-30a-5p,0.002388905,224
1043,TF,Factor: p300; motif: ACNTCCG,0.00241785,3962
1044,GO:MF,GDP binding,0.002419007,101
1045,MIRNA,hsa-mir-3152-3p,0.002431115,196
1046,GO:BP,regulation of cellular component size,0.00244823,105
1047,GO:BP,cell surface receptor protein tyrosine kinase signaling pathway,0.002573293,168
1048,MIRNA,hsa-mir-527,0.002640628,424
1049,MIRNA,hsa-mir-3155,0.00267868,390
1050,MIRNA,hsa-mir-4477b,0.00269504,306
1051,MIRNA,hsa-mir-605,0.002714644,262
1052,TF,Factor: c-Ets-2; motif: NACCGGAAGYRCTTCCGGTN; match class: 1,0.002720334,3191
1053,MIRNA,hsa-mir-3680,0.002749101,194
1054,GO:BP,regulation of plasma membrane bounded cell projection assembly,0.002771209,67
1055,TF,Factor: ER71:Pax-5; motif: ACCGGAACYACGCWTSANTG; match class: 1,0.002812447,2107
1056,MIRNA,hsa-mir-331-5p,0.002834129,183
1057,GO:BP,renal system development,0.002871122,99
1058,GO:CC,apical plasma membrane,0.002890532,113
1059,GO:CC,supramolecular complex,0.002913989,338
1060,GO:CC,apical part of cell,0.00298063,128
1061,MIRNA,hsa-mir-4760-5p,0.002986004,239
1062,MIRNA,hsa-mir-573,0.002997502,296
1063,MIRNA,hsa-mir-3616-5p,0.002997502,296
1064,TF,Factor: NFATc2; motif: GGAAAA,0.003009105,3624
1065,TF,Factor: NFATc3; motif: GGAAAA,0.003009105,3624
1066,TF,Factor: NFATc2; motif: GGAAAA,0.003009105,3624
1067,MIRNA,hsa-mir-1248,0.003026941,350
1068,GO:BP,mitotic cell cycle,0.003044273,226
1069,GO:BP,protein localization to plasma membrane,0.00304727,89
1070,GO:MF,transmembrane-ephrin receptor activity,0.003060794,11
1071,HPA,Pancreas; pancreatic endocrine cells[≥Low],0.003070328,1451
1072,MIRNA,hsa-mir-4709-3p,0.00307147,342
1073,GO:BP,regulation of cell cycle process,0.003076342,188
1074,GO:BP,mesenchyme development,0.003086997,96
1075,MIRNA,hsa-mir-518a-5p,0.00310242,424
1076,MIRNA,hsa-mir-4522,0.003195986,308
1077,GO:BP,positive regulation of transport,0.003203325,216
1078,GO:CC,ubiquitin ligase complex,0.003338959,93
1079,MIRNA,hsa-mir-576-3p,0.003402074,253
1080,MIRNA,hsa-mir-1290,0.003513563,324
1081,MIRNA,hsa-mir-653,0.003596643,223
1082,GO:BP,defense response,0.003622483,430
1083,TF,Factor: Sp1; motif: CCCCGCCCCN,0.003637415,2276
1084,GO:CC,Z disc,0.003671335,46
1085,MIRNA,hsa-mir-3155b,0.00390777,401
1086,TF,Factor: ZNF219; motif: SNNCAGCACCNNGGNCAGCGSC,0.003915152,2635
1087,GO:BP,response to metal ion,0.003990007,103
1088,TF,Factor: isx; motif: NTCRTTAA,0.004012398,2192
1089,HPA,Placenta; decidual cells[≥Medium],0.004132118,954
1090,MIRNA,hsa-mir-4252,0.004197911,544
1091,TF,Factor: Elk-1:Pax-5; motif: ACCGGAACYACGCWTSANYG,0.004204469,3184
1092,TF,Factor: BTEB3; motif: CCNNSCCNSCCCCKCCCCC,0.004257293,2692
1093,GO:BP,microtubule cytoskeleton organization,0.004470949,176
1094,HPA,Colon; peripheral nerve/ganglion[≥Low],0.004551896,1308
1095,HPA,Cerebral cortex; endothelial cells[≥Low],0.004598755,1210
1096,MIRNA,hsa-mir-502-3p,0.004670949,228
1097,GO:MF,cytoskeletal protein binding,0.004699557,262
1098,TF,Factor: MOVO-B; motif: GNGGGGG; match class: 1,0.004710524,1373
1099,MIRNA,hsa-mir-767-3p,0.00478425,325
1100,MIRNA,hsa-mir-3545-3p,0.00478425,325
1101,GO:BP,regulation of RNA stability,0.004798354,64
1102,MIRNA,hsa-mir-496,0.004820836,197
1103,KEGG,Colorectal cancer,0.004958518,36
1104,GO:BP,cell junction assembly,0.005022162,138
1105,GO:CC,A band,0.005046393,19
1106,GO:BP,plasma membrane bounded cell projection assembly,0.005101915,160
1107,GO:BP,pattern specification process,0.005103534,132
1108,MIRNA,hsa-mir-603,0.005104578,500
1109,GO:BP,response to biotic stimulus,0.0051867,383
1110,GO:CC,centrosome,0.005191332,187
1111,TF,Factor: SP2; motif: GNNGGGGGCGGGGSN,0.005255409,1992
1112,MIRNA,hsa-mir-3125,0.005275596,440
1113,KEGG,Signaling pathways regulating pluripotency of stem cells,0.005375581,53
1114,HPA,Bronchus; respiratory epithelial cells[≥Low],0.005486158,1517
1115,HPA,Fallopian tube; ciliated cells (cell body)[≥Medium],0.005501091,202
1116,MIRNA,hsa-mir-4524,0.005514547,289
1117,MIRNA,hsa-mir-338-3p,0.005656133,390
1118,MIRNA,hsa-mir-885-5p,0.005862357,244
1119,HPA,Soft tissue 1; fibroblasts[≥Low],0.005893255,1112
1120,GO:BP,mitotic cell cycle process,0.00599127,192
1121,TF,Factor: ELK-1; motif: ACCGGAAGTN,0.006033631,2196
1122,TF,Factor: Egr-3; motif: NTGCGTGGGCGK,0.006093805,1737
1123,GO:BP,sensory organ development,0.00612914,165
1124,TF,Factor: CP2; motif: NRRRCCGGCYNRARCCGGNN; match class: 1,0.006140919,1610
1125,MIRNA,hsa-mir-4772-3p,0.006206872,451
1126,GO:BP,sulfur compound metabolic process,0.006217223,92
1127,GO:BP,blood circulation,0.006221814,141
1128,MIRNA,hsa-mir-507,0.006275594,369
1129,TF,Factor: Erg; motif: NACCGGAARTN,0.006307423,2489
1130,GO:MF,epidermal growth factor receptor binding,0.006434474,19
1131,MIRNA,hsa-mir-128,0.00646717,562
1132,MIRNA,hsa-mir-2052,0.006470944,352
1133,MIRNA,hsa-mir-3117-5p,0.006644679,347
1134,MIRNA,hsa-mir-4458,0.006741128,381
1135,TF,Factor: ETS1; motif: GCCGGAWGTACTTCCGGN,0.006746851,2765
1136,TF,Factor: ETV4; motif: ACCGGAAGTN,0.006801023,2493
1137,MIRNA,hsa-mir-4720-3p,0.006806703,238
1138,HPA,Tonsil; germinal center cells[≥Low],0.006894157,1535
1139,TF,Factor: meis1:Elf-1; motif: NTGCCGGAAGTN,0.007300676,2597
1140,MIRNA,hsa-mir-4500,0.007314407,381
1141,HPA,Oral mucosa; squamous epithelial cells[≥Medium],0.007327726,1141
1142,GO:BP,regulation of protein phosphorylation,0.007381702,199
1143,MIRNA,hsa-mir-557,0.00741158,369
1144,MIRNA,hsa-mir-654-3p,0.007443355,259
1145,TF,Factor: ctcf; motif: CCRSCAGGGGGCGCN,0.007448098,2180
1146,TF,Factor: c-Ets-2; motif: NACCGGAAGYRCTTCCGGTN,0.007502554,3247
1147,MIRNA,hsa-mir-3146,0.007546323,156
1148,GO:CC,I band,0.007581978,49
1149,MIRNA,hsa-mir-3916,0.007710599,440
1150,MIRNA,hsa-mir-500a,0.007778239,265
1151,GO:BP,glial cell differentiation,0.007804628,81
1152,GO:BP,cell projection assembly,0.00781084,162
1153,MIRNA,hsa-mir-4311,0.007965178,438
1154,GO:BP,inflammatory response,0.007979274,217
1155,GO:CC,endosome membrane,0.0079852,150
1156,MIRNA,hsa-mir-556-3p,0.007998351,230
1157,GO:MF,cyclosporin A binding,0.008013202,14
1158,GO:BP,cell-substrate adhesion,0.008026651,103
1159,GO:BP,positive regulation of phosphate metabolic process,0.008057834,150
1160,GO:BP,positive regulation of phosphorus metabolic process,0.008057834,150
1161,MIRNA,hsa-mir-4764-3p,0.008095559,168
1162,TF,Factor: Kaiso; motif: GCMGGGRGCRGS; match class: 1,0.00812118,2138
1163,MIRNA,hsa-mir-218-5p,0.008125539,249
1164,GO:CC,microtubule organizing center,0.008165719,216
1165,TF,Factor: Alx-4; motif: NNCRTTAN,0.008304555,1991
1166,MIRNA,hsa-mir-4326,0.00833589,252
1167,MIRNA,hsa-mir-182,0.00858115,356
1168,GO:BP,muscle system process,0.008644646,122
1169,TF,Factor: IRF-4; motif: NCGAAACCGAAACYA,0.008767281,529
1170,GO:CC,lamellipodium,0.008826527,63
1171,GO:BP,striated muscle tissue development,0.00886759,115
1172,MIRNA,hsa-mir-3134,0.008913108,210
1173,MIRNA,hsa-mir-1272,0.008917804,244
1174,GO:CC,basal plasma membrane,0.009055226,84
1175,GO:BP,export from cell,0.009177908,231
1176,TF,Factor: PEA3; motif: NACCGGAAGTN,0.009347387,2450
1177,GO:BP,ossification,0.009363151,120
1178,MIRNA,hsa-mir-96,0.009542677,330
1179,MIRNA,hsa-mir-1271,0.009542677,330
1180,MIRNA,hsa-mir-4695-3p,0.009628196,273
1181,HPA,Liver; cholangiocytes[≥Low],0.009672433,1043
1182,GO:CC,anchoring junction,0.009939293,221
1183,MIRNA,hsa-mir-3591-3p,0.010318425,296
1184,TF,Factor: ZNF610; motif: NSCGCCGCTCCSNN,0.010335694,408
1185,TF,Factor: HA95; motif: CCSNSSCCNSCNCCWSCCNS,0.010354745,2816
1186,GO:BP,small GTPase-mediated signal transduction,0.0103817,137
1187,TF,Factor: Sp1; motif: NGGGGCGGGGN; match class: 1,0.010395531,1531
1188,MIRNA,hsa-mir-3675-3p,0.010466432,313
1189,GO:CC,nuclear lumen,0.010585778,1151
1190,GO:BP,positive regulation of molecular function,0.010842784,221
1191,GO:BP,signal release,0.010847298,136
1192,TF,Factor: Elk-1:T-bet; motif: TCACACCGGAAGNN,0.010922376,1571
1193,TF,Factor: Sp1; motif: NGGGGGCGGGGCCNGGGGGGGG,0.010971314,2005
1194,GO:MF,cytokine binding,0.011144086,53
1195,MIRNA,hsa-mir-501-3p,0.011339027,226
1196,GO:BP,cellular response to oxygen-containing compound,0.011372826,285
1197,MIRNA,hsa-mir-3692,0.011492791,383
1198,GO:BP,adaptive thermogenesis,0.011569191,57
1199,GO:CC,plasma membrane,0.011613948,1214
1200,MIRNA,hsa-mir-4419b,0.011715784,603
1201,MIRNA,hsa-mir-3929,0.011715784,603
1202,GO:BP,response to wounding,0.011744754,151
1203,GO:BP,chordate embryonic development,0.011848279,174
1204,GO:BP,regulation of actin filament-based process,0.01193186,107
1205,MIRNA,hsa-mir-190b,0.01196428,190
1206,MIRNA,hsa-mir-153,0.012073167,232
1207,TF,Factor: Sp2; motif: NYSGCCCCGCCCCCY,0.012091176,1827
1208,GO:BP,regulation of growth,0.012188193,159
1209,HPA,Heart muscle; cardiomyocytes[≥Medium],0.012273069,1142
1210,MIRNA,hsa-mir-4793-5p,0.012392228,339
1211,GO:BP,epithelial cell proliferation,0.012408608,122
1212,GO:BP,skeletal muscle organ development,0.012494984,63
1213,MIRNA,hsa-mir-1276,0.012553555,316
1214,MIRNA,hsa-mir-4782-3p,0.012603024,165
1215,GO:BP,cell growth,0.012916884,132
1216,GO:MF,protein serine/threonine kinase activity,0.012938112,155
1217,HPA,Cerebellum; Purkinje cells[≥Medium],0.013039708,1080
1218,GO:MF,enzyme regulator activity,0.013161409,336
1219,GO:BP,lamellipodium assembly,0.013162668,30
1220,TF,Factor: EGR1; motif: NACGCCCACGCANW,0.013245849,1467
1221,MIRNA,hsa-mir-4478,0.013271707,603
1222,MIRNA,hsa-mir-1252,0.013283353,434
1223,MIRNA,hsa-mir-4733-5p,0.013479662,264
1224,HPA,Bronchus; respiratory epithelial cells[≥Medium],0.01358834,1272
1225,TF,Factor: Nkx3-2; motif: NTCGTTAN,0.013857354,1439
1226,TF,Factor: E2F-1; motif: NKTSSCGC; match class: 1,0.013904595,899
1227,GO:BP,regulation of protein transport,0.01397336,122
1228,MIRNA,hsa-mir-4693-5p,0.014050299,260
1229,MIRNA,hsa-mir-411,0.01406963,314
1230,MIRNA,hsa-mir-508-5p,0.014113944,527
1231,GO:BP,regulation of lamellipodium assembly,0.01415089,20
1232,MIRNA,hsa-mir-125a-3p,0.014226643,392
1233,HPA,Caudate; glial cells[≥Low],0.014242858,1191
1234,GO:BP,ameboidal-type cell migration,0.014337654,73
1235,MIRNA,hsa-mir-4274,0.014339896,258
1236,GO:BP,nucleoside phosphate metabolic process,0.014357867,168
1237,TF,Factor: PEA3; motif: NACCGGAAGTN,0.014388567,2505
1238,MIRNA,hsa-mir-499-5p,0.014454877,229
1239,MIRNA,hsa-mir-190,0.014518464,179
1240,GO:BP,protein maturation,0.014577699,144
1241,MIRNA,hsa-mir-4650-3p,0.014626933,220
1242,TF,Factor: Hey1; motif: NGCRCGYGYN; match class: 1,0.014702292,2300
1243,MIRNA,hsa-mir-3180-5p,0.014805075,485
1244,MIRNA,hsa-mir-4303,0.015084098,331
1245,GO:BP,muscle organ development,0.015146701,104
1246,MIRNA,hsa-mir-2355-3p,0.015324177,221
1247,MIRNA,hsa-mir-3938,0.015583054,226
1248,MIRNA,hsa-mir-340-5p,0.015586581,117
1249,GO:BP,embryo development ending in birth or egg hatching,0.015624253,178
1250,GO:BP,organelle localization,0.015739761,162
1251,MIRNA,hsa-mir-4277,0.015880623,345
1252,TF,Factor: Kaiso; motif: TCTCGCGAG; match class: 1,0.016001839,2427
1253,HPA,Vagina; squamous epithelial cells[≥Medium],0.016077439,1061
1254,TF,Factor: E2F1; motif: NNNNNGCGSSAAAN; match class: 1,0.016116717,559
1255,GO:MF,metal ion binding,0.016192731,1003
1256,TF,Factor: ER81; motif: RCCGGAARYN; match class: 1,0.016340045,1659
1257,GO:MF,lipid binding,0.016405194,225
1258,GO:BP,regulation of immune system process,0.016412225,368
1259,MIRNA,hsa-mir-186-5p,0.016794682,223
1260,TF,Factor: E2F-1; motif: NTTSGCGG; match class: 1,0.016921839,638
1261,MIRNA,hsa-mir-124-3p,0.017439277,408
1262,GO:MF,extracellular matrix structural constituent,0.01758584,57
1263,GO:MF,growth factor binding,0.017927065,48
1264,GO:CC,cell leading edge,0.017990904,115
1265,MIRNA,hsa-mir-4770,0.018045666,353
1266,HPA,Tonsil; non-germinal center cells[≥Low],0.018091036,1562
1267,MIRNA,hsa-mir-3123,0.018095401,379
1268,GO:BP,regulation of secretion,0.018204108,161
1269,TF,Factor: CREB1; motif: RTGACGYGTCAN,0.018296381,2233
1270,GO:BP,phospholipid biosynthetic process,0.018310401,78
1271,MIRNA,hsa-mir-890,0.018348264,323
1272,GO:BP,cellular component organization or biogenesis,0.018371775,1718
1273,GO:CC,transcription regulator complex,0.018462282,135
1274,HPA,Small intestine; glandular cells[High],0.018462372,689
1275,MIRNA,hsa-mir-4474-5p,0.01854066,175
1276,WP,2q11 2 copy number variation syndrome,0.018633154,19
1277,GO:BP,regulation of establishment of protein localization,0.018846209,143
1278,MIRNA,hsa-mir-2682,0.01887765,324
1279,MIRNA,hsa-mir-449c,0.01887765,324
1280,GO:MF,enzyme binding,0.018889607,506
1281,MIRNA,hsa-mir-4432,0.01892494,276
1282,TF,Factor: A-Myb:Elf-1; motif: NMCCGGAACCGTTA; match class: 1,0.018927301,1163
1283,TF,Factor: CRX; motif: YTAATC,0.019022342,2542
1284,GO:CC,somatodendritic compartment,0.019076034,208
1285,GO:BP,cold-induced thermogenesis,0.019106324,52
1286,TF,Factor: TEL1; motif: CNCGGAANNN,0.01917137,2499
1287,GO:BP,regulation of catalytic activity,0.019233431,229
1288,GO:BP,semaphorin-plexin signaling pathway,0.019763152,23
1289,TF,Factor: Egr-1; motif: NNNNNGYGKGGGNGGGNN,0.019934878,1136
1290,MIRNA,hsa-mir-610,0.020131231,191
1291,MIRNA,hsa-mir-1256,0.020369114,237
1292,MIRNA,hsa-mir-362-3p,0.020485388,476
1293,MIRNA,hsa-mir-4280,0.020524456,185
1294,GO:MF,GTPase regulator activity,0.020563493,140
1295,GO:MF,nucleoside-triphosphatase regulator activity,0.020563493,140
1296,MIRNA,hsa-mir-1827,0.02067507,744
1297,KEGG,Biosynthesis of cofactors,0.020680917,54
1298,TF,Factor: E2F; motif: TTTSGCGC,0.020758327,1671
1299,MIRNA,hsa-mir-4426,0.020778509,301
1300,MIRNA,hsa-mir-4647,0.020778509,301
1301,MIRNA,hsa-mir-4662b,0.020778509,301
1302,TF,Factor: BTEB3; motif: CCNNSCCNSCCCCKCCCCC; match class: 1,0.020800673,1817
1303,TF,Factor: ETV7; motif: NCCGGAANNN,0.020860325,2344
1304,GO:CC,plasma membrane region,0.020937892,307
1305,MIRNA,hsa-mir-488,0.020964287,340
1306,MIRNA,hsa-mir-4423-3p,0.020988423,214
1307,TF,Factor: GCMa:Elk-1; motif: RTGNGGGCGGAAGNN; match class: 1,0.021047001,1672
1308,MIRNA,hsa-mir-519c-3p,0.021291717,376
1309,GO:BP,response to external biotic stimulus,0.021413201,370
1310,MIRNA,hsa-mir-3647-5p,0.021470207,277
1311,GO:BP,regulation of mRNA stability,0.021497501,59
1312,TF,Factor: Erg; motif: ACCGGAAGTN,0.021542081,1886
1313,MIRNA,hsa-mir-4317,0.021545593,188
1314,GO:MF,protein domain specific binding,0.021765557,177
1315,GO:BP,nucleobase-containing small molecule metabolic process,0.021842257,173
1316,GO:BP,organelle assembly,0.021969432,254
1317,MIRNA,hsa-mir-31,0.021993957,300
1318,HPA,Skin 1; keratinocytes[≥Low],0.022154762,1328
1319,TF,Factor: AP-2; motif: MKCCCSCNGGCG; match class: 1,0.022206341,1457
1320,MIRNA,hsa-mir-3689a-5p,0.022227548,164
1321,MIRNA,hsa-mir-3689e,0.022227548,164
1322,MIRNA,hsa-mir-205,0.02233663,321
1323,TF,Factor: TAFII250; motif: RARRWGGCGGMGGNGR,0.022411597,2108
1324,MIRNA,hsa-mir-519b-3p,0.02247544,375
1325,GO:BP,regionalization,0.022536963,119
1326,WP,Mitochondrial fatty acid oxidation disorders,0.022685645,13
1327,GO:BP,apoptotic signaling pathway,0.023151781,158
1328,GO:CC,organelle inner membrane,0.023437571,145
1329,MIRNA,hsa-mir-584,0.023503897,177
1330,HPA,Fallopian tube; non-ciliated cells[≥Medium],0.023522819,183
1331,GO:BP,connective tissue development,0.023694259,86
1332,GO:BP,thrombin-activated receptor signaling pathway,0.023757918,10
1333,GO:BP,response to other organism,0.023821724,369
1334,TF,Factor: PRX-2; motif: NNCRTTAN; match class: 1,0.024246561,663
1335,GO:BP,regulation of cell junction assembly,0.024448045,79
1336,GO:BP,macromolecule glycosylation,0.024581857,70
1337,GO:BP,protein glycosylation,0.024581857,70
1338,MIRNA,hsa-mir-3164,0.024896694,242
1339,GO:BP,lipid biosynthetic process,0.025015959,185
1340,GO:BP,establishment of organelle localization,0.025098847,132
1341,MIRNA,hsa-mir-323b-5p,0.02533815,145
1342,GO:BP,secretion,0.025423254,242
1343,TF,Factor: E2F; motif: NNTTTCGCGCN; match class: 1,0.025560378,455
1344,GO:BP,regulation of mRNA catabolic process,0.026057628,63
1345,MIRNA,hsa-mir-4788,0.02610469,41
1346,MIRNA,hsa-mir-509-3-5p,0.026136309,443
1347,MIRNA,hsa-mir-548b-3p,0.026249772,251
1348,MIRNA,hsa-mir-3606,0.02634609,194
1349,MIRNA,hsa-mir-219-5p,0.026529575,157
1350,TF,Factor: ZBTB33; motif: GGYGCTG; match class: 1,0.026721187,832
1351,HPA,Testis; cells in seminiferous ducts[≥Medium],0.02672513,639
1352,MIRNA,hsa-mir-372,0.02734944,469
1353,MIRNA,hsa-mir-302b,0.02734944,469
1354,MIRNA,hsa-mir-302d,0.02734944,469
1355,MIRNA,hsa-mir-302a,0.02734944,469
1356,MIRNA,hsa-mir-302c,0.02734944,469
1357,MIRNA,hsa-mir-373,0.02734944,469
1358,GO:BP,regulation of secretion by cell,0.027640213,148
1359,HPA,Lung; macrophages[≥Medium],0.027679493,1264
1360,HPA,Skin 2; epidermal cells[≥Medium],0.027819447,1049
1361,MIRNA,hsa-mir-4418,0.02802837,443
1362,GO:BP,regulation of cold-induced thermogenesis,0.028319313,51
1363,TF,Factor: ZNF142; motif: SNSCGCCCGCCCGCSCSS,0.028319953,781
1364,MIRNA,hsa-mir-4776-3p,0.02844108,297
1365,MIRNA,hsa-mir-371b-5p,0.028452019,631
1366,MIRNA,hsa-mir-3668,0.028470272,200
1367,TF,Factor: SP1; motif: GGGGYGGGGNS,0.028997947,1871
1368,GO:BP,biological process involved in interspecies interaction between organisms,0.029111869,403
1369,GO:BP,positive regulation of apoptotic process,0.029582424,140
1370,GO:BP,regulation of blood circulation,0.029821055,77
1371,GO:BP,epithelial tube morphogenesis,0.029868351,96
1372,MIRNA,hsa-mir-509-5p,0.030048877,443
1373,GO:BP,regulation of defense response,0.030115718,202
1374,GO:BP,positive regulation of programmed cell death,0.030143219,144
1375,MIRNA,hsa-mir-3689f,0.030253133,163
1376,MIRNA,hsa-mir-3201,0.031029438,182
1377,MIRNA,hsa-mir-556-5p,0.031029438,182
1378,MIRNA,hsa-mir-600,0.031856591,278
1379,MIRNA,hsa-mir-548ag,0.031881453,259
1380,MIRNA,hsa-mir-548ai,0.031881453,259
1381,TF,Factor: TIEG1; motif: NCCCNSNCCCCGCCCCC; match class: 1,0.031934113,1907
1382,MIRNA,hsa-mir-4657,0.032084625,241
1383,GO:BP,positive regulation of cell development,0.032104767,124
1384,GO:BP,transmembrane transport,0.032342432,365
1385,GO:BP,negative chemotaxis,0.032725704,22
1386,TF,Factor: NGFI-C; motif: WTGCGTGGGYGG,0.032798041,1473
1387,GO:MF,cation binding,0.033011667,1020
1388,TF,Factor: GABP-alpha; motif: AACCGGAAR; match class: 1,0.033030751,2387
1389,HPA,Rectum; glandular cells[High],0.033042112,693
1390,GO:BP,regulation of hormone levels,0.033565867,146
1391,MIRNA,hsa-mir-550b,0.033748148,173
1392,MIRNA,hsa-mir-562,0.033950384,280
1393,MIRNA,hsa-mir-659,0.034147702,283
1394,TF,Factor: HOXB2:PEA3; motif: ACCGGAAATGRN,0.034562521,1877
1395,TF,Factor: ZNF670; motif: SNGGGCRGRG; match class: 1,0.03498825,1926
1396,MIRNA,hsa-mir-4491,0.035334702,241
1397,MIRNA,hsa-mir-519a,0.03572608,342
1398,TF,Factor: rax; motif: NNCRTTAN,0.03608358,2687
1399,GO:BP,regulation of mRNA metabolic process,0.036693698,90
1400,GO:BP,Golgi vesicle transport,0.036693698,90
1401,MIRNA,hsa-mir-4791,0.03695288,181
1402,TF,Factor: Pax-3; motif: TCGTCACRCTTHM,0.03701835,2784
1403,GO:BP,RNA localization,0.037107004,63
1404,GO:CC,ribonucleoprotein granule,0.037260231,78
1405,GO:BP,wound healing,0.0372842,118
1406,TF,Factor: E2F-1; motif: TTTSGCGS; match class: 1,0.037385394,577
1407,GO:BP,membrane organization,0.037835345,204
1408,GO:BP,substrate adhesion-dependent cell spreading,0.038115051,38
1409,GO:BP,cellular homeostasis,0.038334384,207
1410,GO:BP,heart morphogenesis,0.038413796,79
1411,TF,Factor: E2F-4:DP-2; motif: TTTCSCGC,0.038793648,1342
1412,HPA,Adipose tissue; adipocytes[≥Low],0.038852148,1030
1413,HPA,Adipose tissue,0.038852148,1030
1414,MIRNA,hsa-mir-4684-3p,0.0389397,193
1415,HPA,Lymph node; germinal center cells[≥Low],0.039776957,1301
1416,HPA,Fallopian tube; non-ciliated cells[≥Low],0.039804329,227
1417,GO:BP,negative regulation of nervous system development,0.039824613,48
1418,GO:BP,negative regulation of programmed cell death,0.04006984,222
1419,GO:BP,regulation of actin cytoskeleton organization,0.040244959,95
1420,MIRNA,hsa-mir-151-3p,0.040956604,154
1421,MIRNA,hsa-mir-3673,0.041176832,313
1422,GO:BP,regulation of macromolecule metabolic process,0.041346726,1345
1423,HPA,Fallopian tube; glandular cells[≥Medium],0.041463461,1209
1424,GO:MF,protein tyrosine kinase activity,0.04177159,60
1425,GO:BP,positive regulation of nervous system development,0.041779004,86
1426,GO:BP,nucleic acid catabolic process,0.042549124,97
1427,HPA,Testis; cells in seminiferous ducts[≥Low],0.044028527,820
1428,TF,Factor: HNF-3alpha; motif: TGTTTACWYWNN,0.044100685,587
1429,TF,Factor: NFATc2; motif: GGAAAA; match class: 1,0.044189499,2524
1430,TF,Factor: NFATc2; motif: GGAAAA; match class: 1,0.044189499,2524
1431,TF,Factor: NFATc3; motif: GGAAAA; match class: 1,0.044189499,2524
1432,TF,Factor: CNOT3; motif: GGCCGCGSSS,0.044849175,894
1433,GO:BP,negative regulation of apoptotic process,0.044880218,215
1434,GO:BP,ephrin receptor signaling pathway,0.04489346,23
1435,GO:BP,temperature homeostasis,0.045128548,59
1436,GO:BP,telencephalon development,0.045840595,83
1437,TF,Factor: Elk-1:HOXA3; motif: NCCGGAAATKR; match class: 1,0.046470473,919
1438,MIRNA,hsa-mir-485-3p,0.046668638,254
1439,GO:BP,regulation of rRNA processing,0.046857334,11
1440,MIRNA,hsa-mir-325,0.047132606,137
1441,GO:BP,diencephalon development,0.047155797,32
1442,GO:MF,guanyl ribonucleotide binding,0.047432818,174
1443,GO:MF,guanyl nucleotide binding,0.047432818,174
1444,TF,Factor: ETS1; motif: GCCGGAWGTACTTCCGGN; match class: 1,0.047663294,1533
1445,TF,Factor: sp4; motif: NNNGCYCCGCCCCCY,0.047861493,1927
1446,MIRNA,hsa-mir-4703-3p,0.048229537,184
1447,MIRNA,hsa-mir-4704-5p,0.048589919,200
1448,MIRNA,hsa-mir-938,0.04895063,191
1449,GO:BP,cardiac muscle contraction,0.049170997,48
1450,HPA,Soft tissue 2; fibroblasts[≥Low],0.049561195,1074
1451,GO:CC,cullin-RING ubiquitin ligase complex,0.049796227,57
