,Gene,log2FC,p-value
13533,SPP1,5.115355050628969,0.008240269192401237
10878,FSTL1,3.084807919727621,0.0028473728054561553
13080,IGFBP7,3.0711878888219686,0.02323263764022672
15987,VCAN,2.986720945382406,0.01771858068834444
8511,NRP2,2.3360804766990944,0.019708273423572138
4214,PHLDA3,2.3221049291513114,0.00013453925878800384
15037,BASP1,2.3216404176215546,0.10221293466088385
3391,KIRREL,2.3176470949767407,0.006119785845055945
5811,CRIM1,2.211997805235758,0.00019451613547079953
6313,ANTXR1,2.134477447375826,0.028103066422147677
6101,EFEMP1,2.1185734382840766,0.06888159350949592
13953,FGF2,2.086240607941157,0.03589403063400452
10766,CCDC80,2.050312005700449,0.07353257731985344
10596,DCBLD2,2.049599916359438,0.014856551772970841
8652,FN1,2.044617436579988,0.15173195202286024
9978,COL7A1,2.0114059864542604,0.0234031460788163
14587,VEGFC,1.953189218261843,0.035524373532072225
7654,KYNU,1.9524778187982028,0.10161292826461465
11415,WWTR1,1.9475613719399751,0.0026708264112637508
16688,TGFBI,1.9474976399675317,0.27372967016697886
2053,CYR61,1.9282600618211783,0.017605417794041574
15033,MYO10,1.8906651230394704,0.00039219422100123506
15486,GPX8,1.8752259520645032,0.0002609387626763124
5737,LBH,1.8722450313909447,0.13592535442293016
3992,LAMC1,1.8335937545055732,0.021494772126427246
8513,AC007362.1,1.8329441527715844,0.03648129700614197
9977,UCN2,1.8242753710154114,0.007720270093905318
11645,BCHE,1.801187718987316,0.13918996650392393
2462,SLC16A4,1.7993989319926444,0.10458123902934273
10348,MITF,1.7749168591436928,0.0028484824521339425
13774,CFI,1.769274772152291,0.19976431080116713
2002,LPHN2,1.7607531436018302,0.05394814188929009
4134,CFH,1.7016901723771336,0.06827483542786279
2721,SNX18P16,1.6848330293008156,0.07756973388651033
11189,AMOTL2,1.676383482502779,0.01610420655134894
11362,PLOD2,1.6539946055484984,0.10129040693024317
9142,GPC1,1.651973476943701,0.009398445008798904
8861,DOCK10,1.6446163426933493,0.07197436307259285
16532,FBN2,1.6328325555747059,0.09810647882339053
7562,LYPD1,1.6317253295826784,0.13157466050250646
5835,QPCT,1.6124920181437141,0.23695887895352744
8224,ITGAV,1.6029379241303303,0.007515904864302316
15554,PLK2,1.596039672309475,0.025250608812793368
15247,RAI14,1.593031201884172,0.0014587671345769795
15323,OSMR,1.5895435825345627,0.001888523730243415
9041,ARL4C,1.556136038082867,0.07464736728246417
13503,PTPN13,1.5556869934085347,0.01897748142147544
7235,PAX8,1.554368383857819,0.2022780057356591
15756,MAP1B,1.5359949976644784,0.09015553741068481
12054,CLDN1,1.5276977153819624,0.18475915249165717
13563,SNCA,1.5271602162023794,0.20934562094026407
9609,TGFBR2,1.5242190054268066,0.009211801199168446
14619,TENM3,1.5216136871453774,0.06713053942058014
12408,EVC,1.517968526576476,0.04399056043926589
14323,FGB,1.5088683244697618,0.26782631619823927
3175,S100A16,1.4921014687979524,0.07317926750638493
10738,PVRL3,1.4619309843502193,0.009085002038094769
10019,GPX1,1.4362642847510685,0.02861333704438273
1447,PDZK1IP1,1.4330389297138066,0.38390861485352296
8904,DNER,1.432970525820496,0.19040382949595475
13477,AGPAT9,1.4162892332500703,0.0026321168982366143
7336,GLI2,1.4106432705010148,0.01780688531967981
8535,ADAM23,1.401118617799718,0.00018134097836237136
1034,SYNC,1.3982073293461224,0.09301757717201925
5617,KIF3C,1.3939537162313282,0.084202667064462
5518,SDC1,1.380959817961454,0.0771410273428833
11035,MGLL,1.37978346909753,0.10769720186126726
8076,HOXD10,1.3643277060989143,0.12013698170257207
4344,NUAK2,1.3602549733534217,0.0638104577298471
7735,RND3,1.354495865967432,0.0018313341348156476
1840,GNG12,1.332275729418734,0.010367134487161091
6158,AC016747.3,1.3310601680935357,0.00012941658945440015
8096,AC017048.3,1.3172242880691083,0.11405811908852735
10844,UPK1B,1.3053148909853727,0.3347343703146155
12249,ZNF595,1.2997836152179312,0.03886911842559067
10667,ALCAM,1.2917731895293563,0.058374043392492525
4227,SHISA4,1.2913367921424728,0.04933145565044437
10940,MYLK,1.2815426883252463,0.1277949366619153
3095,S100A11,1.274250395511186,0.03577569226094449
13294,IL8,1.2698605881363587,0.3500832703247066
11405,TM4SF18,1.264044641562965,0.2764578337547461
12912,ATP10D,1.2599548504900184,0.019835795791405517
450,PDPN,1.2576433956545745,0.2597049121166086
3204,RAB13,1.2456627092846997,0.012036723723851032
9878,TMEM158,1.2451683453979578,0.3391183064220031
10759,CD200,1.2424730738584562,0.2018816155156946
4371,C1orf186,1.2407373556993595,0.24118598191525986
11643,SLITRK3,1.2386900989879945,0.36297145931882385
1949,AK5,1.2380694010010995,0.14877229192686142
2230,TMEM56,1.2294147430575053,0.11728942869519075
1264,EDN2,1.2269916806130814,0.13881391430795095
9655,CRTAP,1.22680472687399,0.001210060833989658
7757,FMNL2,1.2253447957530987,0.006974406589060148
3170,S100A6,1.2098110678747345,0.10848090378923739
10960,HEG1,1.205588405079079,0.07904453897300627
6968,CHST10,1.204710680857943,0.001110730684326954
10747,PHLDB2,1.2042427685648602,0.013809671065141329
3225,ATP8B2,1.1992761902961895,0.004265902472222472
10719,DPPA2,1.1976912280008156,0.32649028963383203
12403,STK32B,1.1866980866937369,0.09049945348096534
8775,PTPRN,1.1754062207951306,0.15346100894477224
11402,CP,1.1712462944345938,0.41030967206000235
11330,PCOLCE2,1.165356666857001,0.09946149652951738
5702,FOSL2,1.1622622437189243,0.10270081764282021
13849,ARSJ,1.1609378354086706,0.08992399241802297
714,ID3,1.1594783724369568,0.08931354361442762
7068,UXS1,1.158812794777337,0.0656993403031527
13298,CXCL1,1.1586796772970631,0.37786710753113545
10743,ZBED2,1.157838059474134,0.37675348840009626
14961,CMBL,1.1524407866404731,0.097350006821455
7304,STEAP3,1.1491560424424798,0.03561780090313282
14365,PDGFC,1.1483239563086733,0.06309142679150341
3687,GPR161,1.1401252845507464,0.0047843928643479285
2986,SV2A,1.139642081622669,0.2853378801690766
11834,GNB4,1.1304990860304431,0.024742148114369106
4834,GALNT2,1.130411021923483,0.015673843594417293
5511,MATN3,1.127469407819105,0.14582097166899857
9064,ACKR3,1.1243829059037436,0.40920828241093
2626,PTGFRN,1.1240544598191526,0.026418286954667258
8079,HOXD8,1.122887878777744,0.03272873479993338
11575,LXN,1.122629092249093,0.20008258163639264
8078,HOXD9,1.1190288983031702,0.07695796669186614
4653,CAPN2,1.117638037105194,0.028975520978372377
4057,PLA2G4A,1.112826988160513,0.1695521964908592
4669,DEGS1,1.1085683517236546,0.0007896626859838758
13935,ANXA5,1.1082799216724828,0.011775041205671289
8793,OBSL1,1.1072660199034257,0.10269352569818375
2226,CNN3,1.1050471896195875,0.1533249827701163
4213,RP11-134G8.8,1.094942128735949,0.00010925904775203496
10956,ITGB5,1.0877307974078168,0.03054087007872327
3494,VANGL2,1.0856057566747008,0.06048870177330316
14485,ANXA10,1.0798652198375187,0.4080997217493798
7746,TNFAIP6,1.0783792716896747,0.04740810377256392
15863,F2R,1.0748176023269975,0.10427886327019667
8548,KLF7,1.0661182665459359,0.040024487704027945
5693,MRPL33,1.0647348830724104,0.04270533853820019
14490,PALLD,1.060949871001665,0.23324735882155154
4439,LAMB3,1.0566307424365706,0.1955361375600595
661,HSPG2,1.0523735642231418,0.1810499752538535
8740,CYP27A1,1.049611107483657,0.3236360353517892
4442,G0S2,1.048319704413614,0.47854687174679866
5067,AKT3,1.047776030700331,0.04869735749641968
14386,RXFP1,1.0440118667354155,0.3694657440270137
8287,MYO1B,1.0428520795250367,0.14915098574749291
1979,IFI44,1.0394409977409576,0.17865565852342605
6480,EVA1A,1.0294397927854275,0.19601018455302752
11832,RP11-145M9.4,1.0272607957026698,0.021936588564503055
1847,WLS,1.0266373106492903,0.1856778286218442
3431,IFI16,1.0233431492206084,0.3855701308198342
72,AGRN,1.0219642661591175,0.10956898990137243
15861,F2RL2,1.0206132641749481,0.2603956360756217
633,SH2D5,1.0119539895215306,0.06810248369819515
3092,S100A10,1.009076087160076,0.12889466823059056
7677,ZEB2,1.0077400850887024,0.10340692253749433
4043,HMCN1,1.003661105049929,0.21097147805991495
15157,LINC01021,1.003423787778151,0.18563752539165804
12055,CLDN16,0.9998134752795581,0.4259619113138738
3177,S100A13,0.9990643730251065,0.04465102797186157
11875,SOX2,0.9980013126192528,0.12536450124347626
4206,IGFN1,0.9946869856690171,0.35428615483709397
12687,SLC34A2,0.993078036365863,0.4875163221379404
1964,NEXN,0.9909524659316366,0.13410816450759516
8886,SLC19A3,0.9878478060773729,0.21560464620818098
12047,LEPREL1,0.9862893475708263,0.39083247418413347
15182,CDH6,0.9838205791828833,0.24133742128265043
5266,PXDN,0.9805809077180325,0.4794278291404176
8854,SERPINE2,0.979427568431328,0.38249758867148675
12587,CPEB2,0.9780133749632429,0.05652444480670541
11977,RP11-443P15.2,0.976723400535852,0.18422841017049607
8617,CPS1,0.9685174209604652,0.08750389537143753
4083,BRINP3,0.9669045988883667,0.37158492176987773
13872,TRAM1L1,0.9637265523372741,0.03464291913373736
7849,CD302,0.9589937492535063,0.02796736375964061
6299,CNRIP1,0.9587700673153876,0.27102097748847326
15237,SLC45A2,0.9565579199403722,0.26407730815593816
14977,RP11-215G15.5,0.9501364582532057,0.10729492862734234
379,PLOD1,0.9478972650581889,0.08085676006070752
6327,ANXA4,0.9460546273530843,0.30822201633589835
4019,FAM129A,0.9389158992078181,0.32593837376694507
11425,PFN2,0.9374950856754607,0.01703514543733501
14720,FAT1,0.9360406982535086,0.11707854917492129
5638,KCNK3,0.9354632681938276,0.1619035152597114
14358,CTSO,0.935132687359715,0.12475085278706885
7884,FAP,0.9331002268526926,0.26835003504502997
7811,ACVR1,0.9308948512352675,0.0032255390863862
6981,NPAS2,0.929687043664849,0.0706524901335501
9250,BHLHE40,0.9279748587480201,0.10834424769779546
7085,ST6GAL2,0.9276402323633244,0.20647986506782476
5575,TP53I3,0.9239451978871318,0.18960398451700453
10847,ARHGAP31,0.9198996680626692,0.07559940263800205
13535,PKD2,0.9191807514700221,0.009495670329855004
8849,AC012512.1,0.9167444773356422,0.3700563468461012
14044,PABPC4L,0.91630563136148,0.16862964666923594
7327,TMEM185B,0.9094903881180691,0.11049573362984046
9920,PTH1R,0.9065350158187739,0.3288975881996706
14337,MAP9,0.9008244639143677,0.030321673005797942
14324,FGA,0.8967094664339673,0.3691190375444847
3039,MLLT11,0.8955634611238681,0.2100842433754221
1811,PDE4B,0.8953363322726026,0.2036798745430924
7999,DLX1,0.8943522920890621,0.31147779095810946
11833,AC007620.3,0.891883592410329,0.058095237150240384
5810,RP11-490M8.1,0.8906696925488737,0.09690767565557748
2098,GBP1,0.8869025828576564,0.14696078236222765
14355,GUCY1B3,0.8857955025555354,0.25084823664403405
13470,HPSE,0.8841400959549568,0.2118161076359243
14976,RP11-54F2.1,0.883589010678568,0.0978627970560438
10301,ADAMTS9,0.8799223844672812,0.29223897167910307
11963,EHHADH,0.8773518055802048,0.060723065638929305
2447,CSF1,0.876319556326592,0.3664941484440185
5743,GALNT14,0.8722957178181436,0.22549483992113725
2616,IGSF3,0.8706957746321922,0.31737241534694177
12597,BST1,0.8687981042402151,0.21498177080297504
5725,CLIP4,0.8679244395286818,0.09162509965010004
4454,HHAT,0.8628765884328484,0.02260491033061889
2922,RP11-14N7.2,0.8619107902151804,0.04742249029848594
15234,ADAMTS12,0.8609746352121995,0.2504547587943608
3951,MR1,0.8607703843201238,0.025227302472735604
12409,CRMP1,0.8576921192248328,0.26122490791670655
7990,CYBRD1,0.8573783385669034,0.3188653077147171
10267,C3orf14,0.8567498259137865,0.10786784351439063
10520,EPHA3,0.8561932865395264,0.38208735995044796
13998,PGRMC2,0.8545133432018464,0.10300136759531305
8140,FKBP7,0.851481231373169,0.01059175113152993
11094,PLXND1,0.8495003381315476,0.4081712204168109
12016,RPL39L,0.8489366152338764,0.16983791507751272
1537,RAB3B,0.8484966883852811,0.2745441349983992
14722,RP11-11N5.1,0.8455007644872772,0.43816268807255077
8246,COL5A2,0.840806225639245,0.572251737033515
14440,RP11-366M4.3,0.836426106249601,0.3662797448926883
13691,BDH2,0.8360813948547454,0.028359254759912078
7330,INHBB,0.8336832557295188,0.4840927044419894
5929,PLEKHH2,0.8310408309137193,0.09768167720027814
9406,WNT7A,0.8305143338161102,0.44459075255789715
298,RP3-510D11.2,0.8282377662628115,0.11262470086992823
997,SPOCD1,0.8265990503148735,0.20735673319480846
7062,FHL2,0.8258509289904348,0.1863527651895897
2441,GSTM3,0.8221731755722812,0.29160350233231463
12805,UGDH,0.8194267122303174,0.32138540639149027
1966,DNAJB4,0.817351278778041,0.04137594614645995
11745,FNDC3B,0.8166755954304166,0.07684438441703796
3904,SOAT1,0.8160766107290458,0.007199311114777895
14940,SEMA5A,0.809825589543996,0.3058135418520675
784,SEPN1,0.8087252822166149,0.05449100301224843
3483,PEA15,0.8045783985397854,0.12299064346749784
7129,SEPT10,0.8043983181778738,0.021929546670541915
9580,AC098614.2,0.8033800476754018,0.1193722066803206
1140,RP11-422J8.1,0.7998102658574298,0.022945340162025984
507,EPHA2,0.7952052858071372,0.1259585788685391
2634,VTCN1,0.794056265802225,0.6000180419173505
6473,AC104135.4,0.7934388800831804,0.25104485070847293
9043,SH3BP4,0.7916867510079402,0.21596862145808451
5696,BRE,0.7912025651728976,0.02270944495494879
15450,ITGA2,0.791198306635513,0.2893454414745644
5748,EHD3,0.7901837368581706,0.020338761346156
10651,NXPE3,0.789986764095294,0.06560145221683922
966,SDC3,0.7856514700157606,0.32450135835066696
10164,TKT,0.7833130030213393,0.0917930955464438
4205,TMEM9,0.782600970952033,0.03886273025889779
12439,SORCS2,0.7799821600827475,0.32989244590529065
14634,WWC2,0.7797486907490838,0.04854844095043316
5383,CYS1,0.7793607886975276,0.4810474395884047
14131,TBC1D9,0.7783035759476693,0.0719877396109543
10366,GPR27,0.7782603622422872,0.3271663256724612
4277,ADORA1,0.7745952845846072,0.35174290534825925
10883,HGD,0.7744982741925264,0.5001326357713215
13973,FAT4,0.7731970922337301,0.08550143138271415
8672,MARCH4,0.7726622819939484,0.42146134958635817
9836,ANO10,0.7719719001248322,0.03122301348381828
4692,ENAH,0.7715641584759059,0.07854613259531322
10528,PROS1,0.7684924563666713,0.07844052630020797
13210,UGT2B7,0.7651273264527214,0.35908830933907293
14594,AGA,0.764455801325481,0.04956047959363547
4085,RP11-547I7.2,0.7623058641264532,0.29827954800386897
5639,SLC35F6,0.7612898934765826,0.026610185131632876
7337,RP11-297J22.1,0.7602252413728051,0.18229953827841677
5328,RNF144A,0.7593773262363808,0.2688335128401092
4960,GPR137B,0.759193991999183,0.03071991384253811
3173,S100A3,0.7590474209187803,0.3125832193570226
5677,NRBP1,0.7587833277435578,0.007192880279442734
206,AJAP1,0.7543990971517577,0.24032547811497748
14080,SLC7A11,0.7533830413799505,0.454974851542291
11639,RP11-71H9.1,0.7531807658427009,0.3585553105334018
16571,P4HA2,0.7494075629126482,0.04661894602257117
5512,LAPTM4A,0.7486102367412748,0.1350241280522358
7218,IL1B,0.7469687709262628,0.5566143846687375
11226,IL20RB,0.7467360604625211,0.461644879806028
12847,UCHL1,0.7446006197283332,0.6232032894756838
15901,BHMT2,0.7428124541665663,0.49018202736658134
10739,CD96,0.742393073644162,0.4127076207139802
10845,B4GALT4,0.7415969182182414,0.2052275308881713
4957,NID1,0.7376278402845984,0.53796971212605
10600,LINC00973,0.7366595634877864,0.27870478538758353
16349,TICAM2,0.7357149388530697,0.02705599706564718
8685,IGFBP5,0.7346560449409492,0.5963730976234378
7002,IL1R1,0.7344919570053983,0.3456130744610471
7257,SLC35F5,0.7324460248839859,0.3764139149032659
15329,DAB2,0.731576957957998,0.35818594228582656
12592,CC2D2A,0.7295649132397422,0.017969918847144595
5868,MORN2,0.7277613412852215,0.0013426362114900092
3800,TNFSF4,0.7275476049780751,0.3109941412205317
3174,S100A2,0.7271164301848447,0.5538270072726139
5838,CDC42EP3,0.7237246991496518,0.09004393630056357
16431,LOX,0.7185992866583046,0.4623778521457924
8941,ARMC9,0.71734620998231,0.06364844534812666
12057,IL1RAP,0.7159285462964686,0.25537021044434827
4864,EGLN1,0.7133723722908987,0.1157976959266538
6079,RTN4,0.712992685919108,0.02260075786372458
5814,FEZ2,0.7111049956475513,0.04486881098865993
7744,RBM43,0.708617956023504,0.011045374100788439
13999,RP11-420A23.1,0.7078999987334562,0.10964644028701129
15445,ITGA1,0.707583510798949,0.3344566356385641
7306,C2orf76,0.7068120803116433,0.1392302045046864
5695,RBKS,0.7061503079232346,0.23130904333830254
11585,IQCJ-SCHIP1,0.7054391286041775,0.036688231070690074
7898,COBLL1,0.7014446085325119,0.2616908777435613
4837,PGBD5,0.7014308072511704,0.3541753910434154
8823,PAX3,0.7003412107857447,0.2372525581604801
2454,SLC6A17,0.698199890444706,0.2642076647073698
15456,FST,0.6977330453103916,0.5655949074464572
10075,TMEM115,0.6972791698277057,0.010451986788804036
2681,PHGDH,0.6952853071658796,0.24394467355961422
367,AGTRAP,0.6921939502715087,0.013051302290413925
12083,MB21D2,0.6916397776986531,0.1486332890844019
10652,NFKBIZ,0.6910112424727406,0.3568489020606195
7328,RALB,0.6901063313663309,0.18885911344359363
16105,MCTP1,0.6896777108548078,0.0671159696462463
8814,EPHA4,0.6896367162761964,0.25306197597691504
11756,NCEH1,0.6839953300987065,0.2602001987411556
3144,SPRR2D,0.679863912406437,0.46523671288576185
2142,BRDT,0.6780905264732666,0.4073244902517871
3296,RP11-29H23.5,0.6780605821542406,0.06533650550364867
13745,CYP2U1,0.6766476219887892,0.02206951716030369
3020,CTSS,0.6763812047935285,0.466865914412411
12789,FAM114A1,0.6746203342701853,0.1529353988480774
6354,TGFA,0.6741677886480315,0.5293703366820028
10841,IGSF11,0.6717009686613812,0.14522324397193365
9278,LMCD1,0.6707368648226593,0.388863551867429
6790,AC027612.6,0.670359181851081,0.08014701640382493
8074,HOXD11,0.6692636787161601,0.19730357903278017
3273,GBA,0.6652368255104912,0.04716142239591795
3746,PRRX1,0.6642438493699158,0.29784850161984416
16674,CXCL14,0.6634056352417655,0.2223087868618886
10621,TMEM45A,0.6625400949958342,0.22074834043525135
11328,TRPC1,0.6618512732954451,0.029160301204812507
5972,RHOQ,0.6581352815788479,0.061084319949602964
8843,KCNE4,0.6577282015394748,0.22157845943918072
7854,RBMS1,0.6556079775714347,0.09646353248329605
12974,SPATA18,0.6553294713316798,0.14064467525134672
6889,LMAN2L,0.653516368187046,0.04549487699062904
12792,KLHL5,0.6533640114057673,0.1195279753899868
14708,FAM149A,0.6531964434630929,0.11165053592323433
2417,CELSR2,0.6527026749772691,0.33888138714368127
12972,SGCB,0.649396719770698,0.04612755722501791
14246,DCLK2,0.6489219226989088,0.24908469741255787
4457,KCNH1,0.647558943565611,0.057281733452732686
3327,C1orf85,0.647057360165876,0.21302729743529933
16573,PDLIM4,0.6470160959709671,0.45368378163637524
16144,ERAP2,0.6469190824786537,0.5108835848947739
10295,PRICKLE2,0.6463358077332109,0.08629172398581865
14723,RP11-11N5.3,0.6457996715183653,0.3979166025239156
258,TNFRSF9,0.6447183149134885,0.22055824097993024
10008,LAMB2,0.6437700959657819,0.16352663806155468
547,RP11-108M9.4,0.64251485566307,0.11476604979946642
6897,FAM178B,0.6421233362115981,0.2576057861697119
10011,KLHDC8B,0.6419851846825533,0.12888933025381982
7949,BBS5,0.6415514465613752,0.005972159230331203
11561,PTX3,0.6406847042846309,0.5773018648666788
8463,BMPR2,0.6404218296287807,0.029958011210691568
13424,FGF5,0.6363541512076256,0.40630181856581926
15326,FYB,0.6341117208762086,0.2279306388793586
13671,RP11-499E18.1,0.6316354392874526,0.03362502589494602
2041,MCOLN3,0.6271571409052479,0.14245848647926518
3895,ABL2,0.6266848285700015,0.09538302399943173
13494,ARHGAP24,0.6266081244401069,0.12330107346755541
14039,PCDH10,0.6259780221819371,0.34793964272847516
5393,HPCAL1,0.6234189379662229,0.3620956612352913
8875,COL4A4,0.6231091353171394,0.4286218910015449
11367,PLSCR1,0.6202824850807938,0.14128447691621082
5930,AC011242.6,0.6202534293058841,0.217225912036704
4360,RAB7L1,0.6195805500720635,0.06114128185107751
12197,NRROS,0.6167117021337337,0.3238269791430955
10068,HYAL2,0.6160641663701605,0.1395864690116268
3318,LMNA,0.6158935387008997,0.13641144778790174
253,VAMP3,0.6155167811879769,0.009061132600392088
2689,NOTCH2,0.6152070147915869,0.12597010893926242
7125,SH3RF3,0.6133004296613906,0.31506437489394856
8379,AOX1,0.6112219406727768,0.39313240320516907
11979,ETV5,0.6092393819109607,0.12860124724068353
8901,PID1,0.6090347117721299,0.19763312390484622
14707,TLR3,0.6089465232914328,0.1641975194345466
4946,GNG4,0.6082979380481004,0.19452357177763363
10698,IFT57,0.605058623520125,0.04595170205802574
8374,SPATS2L,0.6049528861761817,0.15456434789191054
2190,BCAR3,0.6036113699962491,0.3015206957304454
686,EPHB2,0.6035291817701145,0.46538411172681626
7558,GPR39,0.6033313213219145,0.22064132658438773
8283,STAT4,0.6022919325209848,0.14732776882175497
11132,NEK11,0.6018593554763216,0.19142363489612024
4866,RP11-295G20.2,0.6015666813164109,0.1859483373958113
11339,CHST2,0.5998610305178111,0.25381253072860877
8234,TFPI,0.5995105436101267,0.5125892897975546
6399,RAB11FIP5,0.5990792980681157,0.21218239204150632
2126,RP4-665J23.1,0.5990785846721778,0.023156147303693527
4698,EPHX1,0.598690415431471,0.5011994858087871
7774,GALNT13,0.5979745324503685,0.21007091124667102
7568,AC010890.1,0.5975974251185499,0.08631393464787097
13961,RP11-381N20.2,0.5975305719119821,0.367786843612317
11973,IGF2BP2,0.5971700159384326,0.381778046038882
12180,TM4SF19,0.5965486900087561,0.3066621226673328
8289,NABP1,0.5956302540673712,0.33967817862519456
11296,ZBTB38,0.5956173917672163,0.30121106337091275
15898,ARSB,0.5951501339477867,0.14032939249299176
5832,PRKD3,0.5950342004925009,0.12451905483938784
13142,EPHA5,0.5936362172366878,0.3393917263206523
8077,HOXD-AS2,0.5928358793937698,0.007031472537708148
12044,TP63,0.591641804986189,0.54874972618221
13234,SULT1B1,0.5911531954199267,0.42796262390619844
8586,IDH1,0.5888515286418388,0.13251044545960403
13633,ADH5,0.5885075306557237,0.04800747315203454
4450,SERTAD4-AS1,0.5858221247898261,0.30708521547390916
4449,SYT14,0.5858196645764568,0.19944500173263702
8240,GULP1,0.5849377459382057,0.10606162416300406
1603,GLIS1,0.5840412950720015,0.23179190685690004
5686,ZNF512,0.5834573240231609,0.1578633839574735
11936,AP2M1,0.5819294951996046,0.15537513902714215
8880,TM4SF20,0.5816637523041956,0.5449919787083488
13268,SLC4A4,0.5807811392023108,0.43399707606429455
3006,ECM1,0.5776502137889961,0.586618602312472
7504,AC131180.4,0.5743773134282362,0.36251456691672773
8500,CTLA4,0.5730620532807953,0.4029428329782944
14414,FSTL5,0.571612370013953,0.45802063175803087
4654,TP53BP2,0.5710351921284889,0.06329370673482476
7313,TMEM177,0.5709923605612488,0.12500691344965612
8420,STRADB,0.5709740449334109,0.061422616863773906
7307,DBI,0.5707616569477949,0.2282540283434489
8647,ABCA12,0.5695025329547424,0.23585740469798952
9452,BTD,0.5693644902797668,0.20957239785703005
4055,PTGS2,0.5692296900561,0.3282201516922305
10183,CACNA2D3,0.5691803074780875,0.3769968374591172
4681,CNIH3,0.5672787560146946,0.45571376850557277
1288,LEPRE1,0.5666287496337601,0.19623953572879513
14325,FGG,0.5662108856385841,0.54508407066094
11343,SLC9A9,0.5645376772202143,0.18289317478100534
5590,ADCY3,0.5644132681305738,0.08714418989591442
10854,TIMMDC1,0.5625195693609166,0.0039839238250078
8432,MPP4,0.5623678941759553,0.46337285813226026
15048,CTD-2139B15.5,0.5612704939468565,0.31866727141437434
4385,DYRK3,0.5611971269092872,0.13297395818656196
10607,COL8A1,0.5609653802647884,0.4637764348227994
9143,AC110619.2,0.5602815299132862,0.4254507756357355
395,DHRS3,0.560027693346834,0.5470545043804196
9597,RBMS3,0.5593313947331326,0.02681112879015527
5492,KCNS3,0.5588059360922557,0.287980624375065
10074,CYB561D2,0.5582605151376399,0.045376324424037974
8136,AC009948.5,0.5576787827960616,0.06995318924411772
14513,AADAT,0.5572537752880975,0.2800277615330005
4678,CNIH4,0.5544880137346913,0.039673297929822236
14710,RP11-173M11.2,0.554315178131928,0.04979212926341722
10443,ROBO2,0.5540457596756388,0.30302462557599846
5780,LTBP1,0.5539184598451921,0.41668893431539966
6467,SEMA4F,0.5525260392288125,0.20309817875520203
4961,ERO1LB,0.5512798029892587,0.4176051638380627
14617,AC108142.1,0.5510495881604153,0.18747342466723696
11729,EIF5A2,0.5494418769214382,0.20028435984060675
16150,LIX1,0.5489329218827042,0.45971456705331404
6666,KRCC1,0.5482570909299618,0.2347074942279357
3875,RP11-568K15.1,0.5471359712012058,0.3119696166913278
7901,AC019181.2,0.5468798142276183,0.2450203062643632
12701,TBC1D19,0.546611984528629,0.1862316327393607
14381,FAM198B,0.5462860905031022,0.4219311670925753
10625,TFG,0.5456703517881589,0.007695478963526293
10858,PLA1A,0.5455028511739998,0.21285394805233487
7892,FIGN,0.5452571061135416,0.11956715875763742
10937,ADCY5,0.5430137408411468,0.42352105037485893
13453,SCD5,0.5427995543121544,0.4332717875065928
6349,PCYOX1,0.5421896279386527,0.05616941440238931
13517,HSD17B11,0.5412675894670462,0.14922633613422648
5750,XDH,0.5408361644538917,0.39903285328886984
4436,MIR205HG,0.5406092341423951,0.6437646239106829
4949,LYST,0.5399732433160928,0.09227768224035718
8666,PECR,0.5383028345418643,0.13610176094402565
5688,GPN1,0.5375992297767072,0.011774091431520636
551,MFAP2,0.5369513193723514,0.47442957564117283
14357,TDO2,0.5356055652949643,0.2840834125949058
8082,HOXD4,0.5350018500817066,0.1424018281313499
12212,MFI2,0.5319304361327006,0.5648873014683893
5529,HS1BP3,0.5314824268369771,0.1065155089880246
10765,RP11-572C15.6,0.5302260862585502,0.20547240557720378
11943,PSMD2,0.530007601973951,0.21787236002618066
1646,DHCR24,0.5297074500761685,0.35499355835145957
7505,AC131180.3,0.5294974636410286,0.35531969236952093
9547,RARB,0.5290001726368448,0.47281976228019684
10472,GBE1,0.5273477947881786,0.24764032668881195
2271,SNX7,0.5266756869546794,0.10206283300811769
2257,DPYD,0.5259709380832895,0.32221678441492335
14413,RP11-234O6.2,0.5244614111454019,0.37865670295218684
9012,USP40,0.5233278772562877,0.023324781989029895
12602,FGFBP1,0.5231875446195218,0.6684442470848763
15799,ARHGEF28,0.5228156230585665,0.2394957503129709
8750,CDK5R2,0.5225898215895332,0.242406834191195
13353,SCARB2,0.5222082352673265,0.26656132648696934
329,PGD,0.522188550047681,0.40809017708369955
2117,LRRC8D,0.5218279650264406,0.20220375591628514
12596,FAM200B,0.5214750884277226,0.028227502097557432
9693,MLH1,0.519161928009586,0.1845696503918659
190,TP73-AS1,0.5188769706942016,0.30750155737739604
13838,ANK2,0.5172213987735783,0.104032626453965
10810,RP11-553L6.5,0.517215828065293,0.3266706812023523
11769,NLGN1,0.516606565771732,0.1758756441973866
1304,WDR65,0.5156777636835548,0.17247778227663854
7148,NPHP1,0.5150218215772857,0.13327677042839686
3113,LCE3D,0.5140294381719137,0.19248962192910626
5600,RP11-509E16.1,0.5131093127531983,0.43441805781827103
4087,RP11-463J7.2,0.5121312107338083,0.3695873959997685
11562,C3orf55,0.5115913802120993,0.2641595419030377
6190,TMEM17,0.5109893980091951,0.0075666638743815615
1844,DIRAS3,0.5107956852602815,0.4446591295409833
8590,PTH2R,0.5106452056626974,0.3367013026005505
2196,GCLM,0.5099850801638852,0.4881406780084746
2535,FAM19A3,0.5071346943494797,0.2608811056236248
12849,LIMCH1,0.5068571124721959,0.5426206991689335
14389,RP11-781M16.2,0.5052710888934612,0.36025741943501577
10121,TWF2,0.5042762592075576,0.10414706164451192
13303,CXCL5,0.5031801092709487,0.6868307068364237
16621,C5orf15,0.5029630045098665,0.1949979978750217
9572,SLC4A7,0.5023307851165186,0.09497560985847565
791,PAQR7,0.501135671312686,0.5255551739775335
13760,COL25A1,0.5009703453505145,0.3403290151393147
559,PADI3,0.5009453630188885,0.192351806359017
4154,C1orf53,0.5007370291465809,0.05578491472105243
4499,TMEM206,0.5004816199646602,0.022883825594506954
